"","metaboliteID","PC2","mz","mzmin","mzmax","rt","rtmin","rtmax","npeaks","QC","Unvaccinated","Vaccinated","Minipig_Pooled_QC1","Minipig_Pooled_QC2","Minipig_Pooled_QC3","Minipig_Pooled_QC4","Minipig_Pooled_QC5","Minipig_Pooled_QC6","Minipig_Pooled_QC7","Minipig_3273_12wks","Minipig_3273_30DPI","Minipig_4754_12wks","Minipig_4754_30DPI","Minipig_7488_12wks","Minipig_7488_30DPI","Minipig_7554_12wks","Minipig_7554_30DPI","Minipig_9739_12wks","Minipig_9739_30DPI","Minipig_1817_12wks","Minipig_1817_30DPI","Minipig_4515_12wks","Minipig_4515_30DPI","Minipig_5273_12wks","Minipig_5273_30DPI","Minipig_6059_12wks","Minipig_6059_30DPI","Minipig_9947_12wks","Minipig_9947_30DPI"
"1",6,0.0238278768255104,76.0399767499882,76.039884417855,76.0404762518806,183.96599999998,169.10899999998,210.01200000002,9,0,4,3,11744.729236344,10972.1310239066,11226.8666238771,11278.4233552843,11369.3797117812,11606.3583070965,12014.5212573125,6415.09990543753,24389.107800293,6941.88719944563,33715.6034292324,7730.38519682456,27345.043274069,9304.79160262627,21878.8681088341,5390.27417281731,12784.1400226176,10410.9634302303,34388.7701126508,6509.80449946373,19040.8940890366,7059.87176618871,15072.4594796566,6304.79500099472,27289.1950647403,6180.8502156199,26367.9463484191
"2",7,0.0235364853666336,76.0765675224023,76.0763143254906,76.077186771747,83.75100000002,82.35299999998,87.07200000002,27,7,10,10,475305.5249525,479669.304320343,485139.801770077,493245.708396028,462013.243981846,452548.633496517,471781.102109107,130900.930768188,1512602.67537737,106336.857011259,1432280.26947017,71824.3752691335,1125016.7250023,27531.5780817344,892818.875655157,64834.6995081699,1297354.12976739,112846.879326992,1156406.55562249,69436.5312599584,1109380.66583423,118293.235032123,1555235.13261135,57523.9742213085,1182120.32822099,48192.2163529551,1099798.55247057
"3",10,0.0231124877600852,77.0796567175768,77.0793856339419,77.0801203796643,83.74800000002,82.35299999998,87.07200000002,17,7,5,5,14790.3238605194,15701.507261035,15457.231371254,15281.6663447824,13843.3694012187,14294.3449818004,14682.4437251004,4473.89110079175,45608.5091102648,3543.55080954383,42510.4618523792,2414.07754787552,33104.9877717706,759.215114247336,25569.6498683115,2037.61174197771,38318.4120314834,3571.58594022943,35606.6185952068,2223.90574958761,34041.5873009009,3958.45650739881,47254.0992784954,1820.53295640012,35979.4737400716,1483.16139261213,33610.0746535848
"4",25,0.0239544239650162,82.997275511269,82.9969964988858,82.9978463341266,60.56400000002,39.157,61.23099999998,29,7,10,10,68201.3962259491,56086.7184132891,55685.3268407135,62569.4713479556,61234.8072123589,65582.5931527993,63259.683225107,75242.5790191019,67464.1564934594,58863.3181602993,62101.7517798648,92694.5400317309,57502.6799848927,65903.2738446338,129238.886630149,56188.4415068974,59250.4141574619,85939.3626219146,90048.5529838147,60385.752861634,56749.3355274617,76828.8319020546,71769.3252696057,65894.4388897598,52669.0486197474,68015.7114978565,78918.3882238305
"5",41,0.0203751634802841,84.959664797561,84.9574879857493,84.9606427448381,61.28849999999,54.882,63.681,26,7,10,9,45729.5371076471,50928.4192422844,47808.9970321248,51703.9874216507,58691.580647591,75014.7426038152,41917.401040094,15736.8699716126,63788.2265008996,49692.872348435,55870.5130678133,83389.9061399959,70823.2498952067,62630.0040186941,174722.574494934,88524.9117294322,48908.8574939031,69859.4200019644,51178.2421085568,31805.1033677971,52057.6442709582,66913.3705491858,46778.854396577,49367.8677518956,113740.519421592,85004.808490372,39337.6950042937
"6",42,0.0235434394202791,85.0290875330184,85.0288273578551,85.0297194749369,84.54250000001,83.348,114.45900000002,28,7,10,10,94243.3234114694,95511.0963830111,94984.680393453,90457.9837312391,88742.2836237344,91168.1375744287,90029.0154826788,55258.558087412,94607.0958784455,72744.6986999139,101081.336980962,130893.577341855,68760.124394247,67033.4048465776,150128.270719791,57843.947634402,68727.107091417,112905.62704143,83810.1897828441,73146.5990812219,71308.4805648286,66252.1596477068,74192.5743508512,104316.823853264,105255.486259304,76513.0615115185,70213.8573870926
"7",54,0.0201989676488662,89.5072931913414,89.5069945588932,89.5078165438922,60.56400000002,59.89800000002,61.23599999998,27,7,10,10,59101.991163846,50470.3744338842,49622.3031673778,48034.5121902655,49928.4568595093,59712.7517264916,42546.7264547463,64633.6060236476,46374.9626969217,48248.5049863111,44933.2495976016,66427.8961113677,48030.3222739409,45975.4196354542,90495.7077768018,44547.728884716,46375.7899045053,71131.5259365821,83357.1196130926,43945.8631972896,44554.4080572326,53105.2425342074,54741.2333934371,39715.5007750561,52690.1868437919,45357.8362153996,41119.2503967521
"8",82,0.0224654931185725,97.0288037744464,97.0284397465894,97.0298477324122,84.535,83.348,87.84899999998,27,7,10,10,25918.096747097,27102.7817161417,24759.0295366227,25779.9611543111,26538.8730178255,25988.6705615929,24953.7545845467,15967.9292408415,26772.2912483397,20727.7702376041,28386.1344657408,37330.4035443179,16383.1162870003,20249.0712212706,40947.150927454,15739.4285729516,20844.3591238547,32051.7307072731,22739.5314019539,20373.7896662662,20314.6822497558,18252.6564338409,21939.7849560167,29276.2596655955,27451.7213427735,21987.8819191809,18448.0282198518
"9",83,0.0216620676977888,97.9697462005821,97.9691594519727,97.970174002496,60.56400000002,58.349,61.88699999998,27,7,10,10,53741.9002452292,38548.1536865427,39365.6302050327,35870.3667713996,45235.14637356,43520.9429553051,40085.0681129925,53885.4439182808,54150.8262744466,38917.5877184002,55081.2793132838,63914.2057673995,42981.2807897826,38704.3358298551,82283.0417028198,35863.8968028689,48740.2678368836,70613.8923673045,63385.0546413929,41818.891293215,38009.5028157917,43502.8224913169,39170.0321060309,34626.8740797887,31652.0077356124,41298.5180022226,35007.4277362976
"10",116,0.0235913217751719,104.070775740923,104.070404553359,104.071401883914,84.56299999999,83.174,88.551,26,7,9,10,52994.0951533079,55877.4271423646,57016.6262825348,57796.4969452942,53488.6674910789,53601.242553149,57888.5763567561,17640.5405252096,22518.7484152483,37137.0826696847,25278.3982645317,17652.5804226355,19952.2459194284,33052.6459710512,816171.745571482,75299.2760710938,38815.8113739014,17578.2637512219,24997.9013414786,36250.768533371,29173.939008491,45813.3440233489,30266.632470217,25925.7071281433,25593.8837850307,17423.9734214979,20132.6435766624
"11",135,0.0221490095928011,109.028514806628,109.028073234511,109.029264609236,84.55000000002,83.348,87.84899999998,11,4,4,3,9388.65216992446,7959.705872419,8423.87456663005,8835.76769565329,9314.2549831065,8583.09563636271,9075.66786773759,6766.74623270719,7571.27092539328,7763.13490614251,8495.04579733098,11823.6313229303,7848.01406527704,6885.77202219028,13659.1758893637,5541.20865550734,7278.46363642137,8627.75914319866,8816.01975238979,8323.79987667034,7838.84269158597,7529.14410477517,7618.17556298143,10960.2246159258,10728.4566859312,6681.96827113267,7543.68623178882
"12",181,0.0248052239990169,118.050111910401,118.049382235136,118.05089636901,95.7595,94.33500000002,108.579,26,6,9,10,12888.6982548139,12788.5830038589,14385.8177238126,15730.7240070894,12167.8539473267,1168514.24256195,14505.6177841709,21340.0022284481,14540.5249090984,19982.8434817998,14165.9643975508,21842.490277653,18448.9151588822,14909.4711261139,1271714.05336767,17354.5446644084,11343.6798016894,15737.5944098412,16959.5624371994,21337.2954229248,12644.5570880166,19978.9495100264,8245.81683906072,22509.5215047361,11173.3771983287,19781.7158072019,12701.8008008713
"13",237,0.0204154186759319,122.963916228161,122.963554281968,122.964553281331,60.64799999998,59.23499999998,61.88699999998,27,7,10,10,36224.9432035993,28271.5359891303,29417.7267399331,27736.4318583551,29343.0361198552,29176.2564273698,30776.8433875244,38750.8416056115,30846.8662343438,28528.6026378328,27430.8926925824,41447.9967475592,26466.6072750702,27933.9271115918,49752.0363003359,25444.6481255035,31709.8983388855,41905.6934500412,43935.608593041,28298.7861794697,25144.076379198,27057.3989430049,27844.1110023088,35456.6042153014,38368.6660255987,30309.2651183941,26794.7933547434
"14",260,0.0253635243436166,124.086904499696,124.086653246148,124.087674550284,1294.881,1281.56300000002,1296.187,27,7,9,9,434366.232247585,464222.724028674,494292.672099998,533866.773235976,528310.144767398,530994.53857244,506812.773577595,483056.503747599,525739.384855294,394856.027875806,476745.27102076,397964.308658034,623980.964047584,494019.411484372,525543.305578698,395918.627528296,512483.971977035,419150.144720866,538321.622396615,410568.528663986,495832.402196928,406391.767310352,505036.076177626,424679.482238878,469108.929822736,460991.732275196,604157.475296119
"15",272,0.0286122778721437,124.086656115927,124.086318323544,124.087027410014,532.62,509.283,553.306,10,3,1,3,33575.5305765942,51357.2785375481,39216.3997357605,36858.9990022736,36543.6375251705,37564.9197303924,36296.1627361696,36094.2124544194,38032.7099947637,37256.877815646,37797.9934371681,38160.6103963884,36049.9896893884,37334.3345654182,40161.3258166822,34964.2977354195,38016.4240133953,36811.3772262031,40429.62142797,36282.0232675559,37056.3771160335,35536.5848382336,37597.3520443048,37704.7314862907,37375.4193397292,35708.8396096666,38156.7380129064
"16",279,0.0253512520085302,125.986252567322,125.985764551614,125.987092329789,62.48200000002,42.53299999998,64.417,27,7,10,9,22645.7098503729,21230.9578888929,22416.5166967259,24257.1207515006,18873.6311288208,21620.1230256958,20403.6315358948,16445.0751663286,46737.3478914862,26202.8449251141,34072.4333591899,41211.1855260127,27889.8311464427,20856.8811038536,108874.692288101,35352.1036736296,25473.3143497883,38358.3614949839,34290.6950680906,13061.7738469278,35739.9778691385,35574.5388852855,25127.840837262,25592.1321996068,76211.6811565657,21067.2279839355,25941.9219177006
"17",413,0.0200102779775657,141.958399275773,141.958006487591,141.95908260081,60.93199999998,59.89800000002,61.23499999998,27,7,10,10,150027.438693306,129105.093603617,122017.107332855,118963.429694483,125875.758384662,134978.342770133,124992.200583561,181000.515619381,130389.441405932,145502.892778482,128495.047882032,200885.631544645,137162.604556546,114474.446648406,273990.216933182,127512.854483272,138588.972569903,208632.013048654,211444.010246692,116427.749991855,121429.134217984,133942.05627727,119624.343700096,130757.567024673,123797.643117861,134338.869420985,116482.003607236
"18",480,0.0234147709055965,151.144161929408,151.143763872108,151.144809546945,83.48899999998,82.35299999998,86.285,17,7,5,5,90497.3238841792,89648.9944968142,91103.3657669385,94015.6461684929,86856.3410435675,83333.238128773,88666.3194667488,4307.8756767789,583062.325186735,5723.06405569506,510380.641296453,2328.18023417867,386854.594261353,1988.59998068159,303105.817966789,2854.7317521534,454616.833753041,6285.49646938831,406060.574236557,2966.82785969988,359186.225169545,5490.08950509423,604477.535377869,1957.17682183931,421585.815912231,817.569236485251,362432.654614302
"19",486,0.0233123613609036,152.147027385283,152.146703415741,152.147605235037,83.38999999999,82.35299999998,86.285,10,0,5,5,8106.57747283859,7813.00361911417,7222.04446019045,7757.98722175658,7294.45173713209,8813.15744194994,8612.66996846168,1432.37196376838,35311.6709768463,2129.64588237199,32506.9674565615,221.591152750739,24821.4615333419,1096.05270636125,19756.4398150344,1160.48025185314,30080.4141305096,2215.30274632781,26056.2185162492,1452.56406381631,23022.6570541535,1046.37915572214,37660.3844855136,317.762711655095,27283.0339974144,811.316635993733,24316.6635229947
"20",555,0.022947065537565,163.11543932103,163.115043132567,163.116140413982,83.19849999998,82.67099999998,83.89400000002,14,6,4,4,9635.26630379017,9587.46894068219,10956.3246261014,9771.83874271812,9925.71099678858,15853.338577842,10248.4234981542,15491.8803098254,18379.4063931587,15674.7460492184,15310.5297476982,11039.4466478244,8604.60281915518,20775.2411213545,22067.6185775223,9324.02867553105,13416.0787685837,10482.7148609786,16473.8012148475,10056.2508730589,13298.3636436538,10639.0739094668,13915.6464255008,11513.2604759126,14640.113287501,14058.4231584456,15617.2720293839
"21",727,0.0221219756372654,203.138644883956,203.137708986942,203.139531568412,132.59700000002,131.955,133.30100000002,17,7,5,5,11862.777191717,9723.11694237652,11977.2389233549,12455.3652692706,10644.1407581032,11759.1078349522,12292.4177537721,15349.9685526733,40589.3359023033,9555.28504960794,29279.3811149269,12768.469110773,18617.2666600319,17417.1988738505,21355.3204537015,9974.21766533491,18800.3026556394,10101.0514057821,34840.7451520778,8864.95010538331,21475.6551110839,11605.6532998962,26286.3197609006,12441.0628371328,37785.2485311127,13977.1127068758,22520.0822741716
"22",730,0.02429228966084,203.149115678389,203.140516247748,203.15012424104,87.22449999998,85.359,91.57500000002,26,5,8,8,29141.3627926774,31139.4681425039,10886.8833514089,35726.2837625959,361737.057932754,7056.79899640433,319292.471636489,37805.301910936,12299.7512526349,32117.7027116314,26594.576600122,59464.8674930221,254022.665325296,11449.3347221457,650429.931207975,31209.6580221977,12991.346178744,42162.379105909,223041.588867664,24982.5961390438,12277.2537737863,33299.0621052617,18613.9693864746,45932.8192956195,445582.322199901,64229.6641247209,14693.5964720301
"23",937,0.0206257349834309,247.166512057472,247.166453332937,247.167290787275,1750.32299999999,1749.66000000002,1750.99200000002,8,0,5,3,579673.046980792,556908.603528171,579936.11350404,566253.516730868,630715.888033007,417897.402875066,608065.407426059,523897.069684761,542760.70886556,568628.791524147,572221.401309957,673875.216505715,518408.721778234,565206.983588226,755715.158137527,491929.778453665,660420.141824098,538152.851399446,522396.940040077,565593.408601744,455525.534185716,522111.684570534,506574.548742499,498081.881415219,496120.067017896,607131.45148906,626940.84096016
"24",938,0.0218738595823133,247.167044715109,247.16623965316,247.167336796577,1981.71399999998,1955.70800000002,2007.058,13,0,5,1,690370.454757191,751225.02692306,763567.702803791,728241.798760526,852282.244776681,583355.264266714,804137.74468413,490538.189117656,726423.923639409,744886.591100395,645467.060999023,491432.156136517,623336.906000241,754851.586370913,2472309.5358752,685401.770831846,753532.769617438,730056.867646091,723117.59862452,764082.949934229,1410269.25547053,743708.944515966,672460.25213816,694609.491669282,697382.941576324,779444.641047716,769995.93119204
"25",943,0.0241535263429829,247.167048782635,247.166397934792,247.167162046776,1931.70999999998,1917.69999999998,1938.371,5,0,4,0,582122.747699976,629376.848252349,650913.302031438,621919.754565839,718546.102975881,473024.568585442,694943.129627351,596158.376093956,603404.30338584,642135.935982466,557878.605559698,760865.134785951,723537.716581143,636121.834210202,1083830.01771853,562283.533111254,635529.716915952,619218.766986441,583811.322678419,621542.532070233,640655.927213881,634182.387642702,570178.020596504,586048.343099267,585282.021766822,655253.251122528,627480.077368058
"26",973,0.024763425455267,255.978427357847,255.977436489653,255.979320018178,77.32349999999,75.963,81.65400000002,26,7,9,10,13047.495109758,13253.1336953231,12260.6165092406,11680.345530336,11608.284151653,11081.3430431207,12331.6287857666,12618.8901570896,15174.4485284091,14014.1909088691,12973.4562656749,14302.888966931,20630.8821887762,9483.16579479083,33089.1191629697,13725.9563325638,11843.9645762409,15429.9237645371,18365.6787253918,14760.059607322,16372.6295387703,14403.8391605031,12423.9236595819,11478.6422397775,15125.0199027989,13024.7427603565,15790.3676674209
"27",974,0.0250465655212621,256.26341307767,256.262643064531,256.264041684028,1540.91900000002,1539.32199999998,1540.941,11,6,4,1,12238.2663415472,11635.2206350965,11257.4777793349,10798.7783016601,12072.0995458778,8241.75829897555,12133.1650340814,6100.61944352862,10204.7214689333,6520.75411959537,6138.29516145214,8291.0959886586,7294.34506550484,9363.57429838077,15928.350267541,5053.51529544219,6638.03589448546,5616.72627906076,5611.80964225459,8680.5195197754,6029.63342409368,5916.82329937124,6906.35308197566,6697.05418157072,5411.06575571293,6321.47692312114,6958.01857253962
"28",1059,0.0240582327904447,274.655731045454,274.65516447713,274.656079156191,1397.58500000002,1395.97799999998,1398.064,9,2,3,4,10523.2288129958,8958.8658241814,6208.39096902938,7273.38729342622,7936.14332036429,3985.34119059459,6799.56283953629,4060.96036545932,11959.4274688351,6169.91544520855,15308.5897421682,2875.2800131647,6342.81137709878,6930.00916061697,25946.7297817165,4555.34571755226,7614.02074586384,6601.59232013673,16181.7064660004,6967.79645877861,17853.879916965,7129.55500799417,10115.7793190798,6847.4390692507,16638.5848365366,2263.67144818526,4385.63338551474
"29",1192,0.0226837492428686,299.04355879092,299.042935058814,299.044273866364,80.52799999999,80.14999999998,80.59100000002,4,4,0,0,8967.43676476802,8574.24334648933,8831.2180391592,8418.92859959478,7415.86959419425,8023.92331140171,7937.4169999988,140.212871332446,646.900755161212,674.233435520281,691.813823306933,193.387738955725,1259.09389204221,763.59037861633,2251.08917377996,514.559224619103,321.816524544731,486.734398326798,880.537595344035,643.357695998313,634.664344587247,765.459476335802,587.581395658664,554.075047326947,580.025027981235,148.390483490398,747.160688813194
"30",1217,0.023106222784702,304.155700383148,304.155269480415,304.155844542994,1398.064,1395.97799999998,1398.25199999998,7,0,3,4,9395.83462347818,8137.84577574445,7745.20941809104,7505.27844680065,7078.035522451,4632.21915616967,6022.83582271387,3055.88762446209,11233.326476149,6226.84394314326,13348.9320716522,2763.02930936244,5370.84940789124,6307.90779316925,21847.3500462697,3730.5897807208,6160.08584627712,6611.23541826035,15486.4040019318,5765.87836943685,15462.2514375691,7713.84093000808,10151.1301582351,4858.2287056474,15593.8718359525,1368.12426309509,4166.77696085189
"31",1218,0.0220434547947415,304.263772576885,304.262972002196,304.264626670892,1491.59900000002,1488.71399999998,1493.15,27,7,10,10,180633.722212857,184888.051993555,183817.933470125,170327.642877385,186727.35473385,128001.743437438,181082.158380014,179380.343597377,154838.512897342,166613.904416283,175968.965102837,131584.888614154,178999.0810686,147906.419417272,268510.488438019,129283.511313491,131859.441761616,168929.483917654,167024.284407419,164083.418639434,173944.047476979,163777.400179556,160470.869184849,130714.49642667,156381.248979151,164354.859171837,163743.127501788
"32",1300,0.0240057198059049,324.325867257633,324.325544205289,324.326783797338,1766.99400000002,1765.66100000002,1768.32699999998,16,6,5,5,15968.5903420797,14437.1461730541,13901.9308515467,12020.2653066554,13312.6353812828,6926.15280655324,12152.7584101817,14103.2471951602,5535.06193119386,8896.36583215704,9023.52330454772,15257.1571506834,6271.8671510397,14545.3668164941,65930.685331365,6952.5669289249,27014.3739724865,7910.16776378943,7074.21118778111,7720.43159838256,18733.6458604139,10291.5834767602,3639.81035674643,13306.5915577938,7325.01689514015,14179.2169902312,14082.2632873683
"33",1485,0.0210833230207746,378.900536888452,378.899889308415,378.902045169013,73.23399999998,72.46000000002,77.84,27,7,10,10,50317.8571341681,49880.7917678579,46556.1126934734,46840.2080876722,46122.4478819708,43060.6189094239,45248.495331665,40263.061137496,49609.8426508263,40840.7685329641,40056.0387536632,45425.0291386086,50989.9484466716,91384.7784644997,94710.8160753191,41592.8392260977,42371.1935324852,42775.2858955943,45301.6374021525,41974.3877637481,40463.4523806759,42323.6590911038,53196.4415476464,53656.2407690312,32813.7249398982,34795.961668101,44542.6355246815
"34",1486,0.023164322921994,378.926185012249,378.925131338239,378.927287187335,83.1885,82.00499999998,83.846,26,7,9,10,34726.9540095528,33027.8445406593,32823.4228700736,31610.0339053634,28037.1867516687,29731.2175149561,30250.8568508264,32380.4147124864,41028.0208299609,30749.9992305503,46055.8275870447,35395.5624710035,33380.6249226379,16803.4502398949,50293.0794838093,24435.0497871287,32458.0209284973,42815.9750724355,38235.2680522388,31546.0171503449,33560.7093815003,28360.5102508189,34976.168679816,29898.6259445054,41275.417300748,39412.97533773,33644.3582553106
"35",1541,0.0204695494645935,393.29737123373,393.296622067991,393.298632933823,1702.29100000002,1700.95099999998,1702.989,27,7,10,10,141304.049277915,131756.726500199,133959.558604096,114511.032933044,144870.636301207,37460.0168110047,122162.515502696,162727.388348571,110963.128234749,122900.833906184,126605.110803129,139745.368738677,164610.981229553,108745.526839892,192233.886396806,48362.8487720812,85469.3521085156,149889.404220443,132871.090376711,120845.85379449,133115.406660295,110142.615133459,117187.093977296,87435.1549250551,100163.971244415,132715.428416213,121332.52275123
"36",1547,0.0220690229120277,394.30141728352,394.300425502156,394.302926571786,1702.29800000002,1700.95099999998,1702.989,27,7,10,10,31919.5801385623,30787.4939405945,30473.1663698012,25236.3954610913,32607.1883704525,7723.04614178933,28466.2984789123,35915.5151322263,25215.1963902905,26816.4585660255,28601.0337352027,32176.977630599,37867.8218966217,25542.3899406778,44283.8564725922,9638.75090267448,19062.8842082211,33539.9051067689,29702.7736705911,26900.101533211,30012.3611979005,24761.1642350083,26617.4062080409,20002.7964363744,22883.3468685883,28580.0865886857,27193.0504592679
"37",1574,0.0291752680448196,401.341700025661,401.340729567777,401.343083729474,1719.6365,1718.951,1721.64999999998,20,6,6,8,20780.6157720359,18476.8602094575,18008.2553154117,15335.8146369769,18656.719373786,5389.62097155889,15265.2898511435,5205.98427319154,24377.012341621,16794.340550171,41010.2542836526,8369.62800224163,30224.0234320857,5146.83063328409,167401.496284543,5270.13368221112,29545.3479085612,6449.66119449027,41347.6266689681,9323.36644515962,44574.0013514963,8943.77474844882,25420.7109165251,9361.65518195752,28468.2028774949,5313.27102419548,21612.2665244426
"38",1579,0.0294762474865663,402.345245730668,402.344849451368,402.345605970618,1719.3005,1718.95100000002,1719.65199999998,6,0,4,2,6049.83472662638,5469.16167531995,5582.44850155711,4413.70311174542,5245.10678357368,952.264625908259,4838.11236771415,1220.17056747307,7827.80077333562,4885.83726500216,12762.7019909951,2236.14041572218,9587.06077986261,1336.44909939881,47194.7239750028,1207.89254274296,8832.69074699729,1599.53523207544,11740.0437568583,2626.03954448682,12679.1357411024,2589.20949401334,7369.03740776966,2823.36359741725,8213.63404924598,1063.69846382496,6477.3388240551
"39",1634,0.0237734404871838,415.212106299214,415.211507015576,415.214964936071,1244.86399999999,1243.96199999998,1244.98399999998,20,7,8,5,79871.8658721365,77534.0296213103,70943.3500102721,68017.1765315913,73658.6118208664,67815.0451314332,67994.5555410062,21754.5636081696,83293.8933980251,5761.45558962943,66899.8625496885,33985.4217318089,53125.5094624732,7434.64405072273,59427.2824506154,5081.07537279135,102523.933869052,22901.1933599406,36875.9032182635,3185.86209443971,92135.5453545715,6829.24467362277,94290.4853663635,4701.31307616168,53726.4569675719,19233.960821889,44474.4722443902
"40",1640,0.0257870083351732,416.216155882732,416.215717624987,416.216940480225,1244.90150000001,1243.96199999998,1245.561,12,7,4,1,21097.2457126581,20675.2858817713,18350.2663856345,18140.9506490796,19828.2691363185,18090.9615826539,18076.9912119196,5477.23782668494,19838.7564051696,1190.05958518612,15905.0574785655,9932.55541518996,14609.9199167552,2172.46559041034,17276.828752719,1563.28165599537,24738.0232370564,5202.75810971311,11609.8664167305,610.81779914041,25271.2505721308,1875.01224560111,22467.4684865177,1094.08649980397,14370.1288182642,4532.29169765744,13439.9254426124
"41",1745,0.0260830801668817,437.193998457451,437.193259127031,437.195337312809,1244.90150000001,1243.96199999998,1245.59299999998,26,7,10,9,90512.9351191141,88342.187843404,87690.5687470825,83292.5648963485,90742.1956994722,67819.55525434,86901.4137669768,34977.3130839487,93956.4346616296,10116.9139896968,83796.3769087096,50330.1542594616,82568.8905423732,9385.9642726549,82825.0568523133,9800.63124808045,110285.511930561,32925.2676700207,57363.7276742122,5434.84735903475,115657.459032434,11012.1674735973,120293.788892461,7904.13578166959,69208.4639517565,30715.6132682059,74052.9382974852
"42",1754,0.0264571911808428,438.197901143103,438.196548129841,438.198985806823,1244.86200000001,1243.96199999998,1245.59299999998,14,7,5,2,23730.7050523752,22830.2379250581,22476.4760660459,21925.2659623651,23881.5411002687,18564.6113353618,23438.896003616,9013.02901638743,25415.0647657846,2270.56025835251,25077.0437667638,13585.1144319721,22466.5567946379,2562.97886849694,21711.0156378201,2699.64276190889,27335.1578316904,8537.35612534359,14664.6010390379,1215.51941866662,30771.9898737266,3024.23008349952,25845.2823587143,2069.86430911485,18309.8750917451,8251.43697410008,18183.9026600056
"43",1813,0.0216180671634958,446.888458417469,446.887287612362,446.889634562035,73.19699999998,71.95200000002,77.84,27,7,10,10,46580.6919850423,46572.3906555532,44663.0566566299,42252.6937743107,44959.0034414622,41673.7260997849,42119.3649917384,38594.330811961,46491.8988681208,38657.960455129,39679.4639981978,43494.2625512136,48957.3091848959,90871.5934025,98595.6303922604,38688.6264566651,38976.2222699494,39964.6148898574,44489.5252614085,40157.3645500284,38882.7382134857,40292.5064741231,50894.143309026,50698.6816624135,30424.8814769571,33173.5072674909,40604.9121095108
"44",1850,0.0294820057251088,453.167959917599,453.167056142866,453.168659934881,1244.90150000001,1243.96199999998,1245.651,18,7,6,5,25493.8865275937,23471.8491381683,22322.1478919569,21265.1055033857,21171.5613428079,17126.2015008057,23148.8159112968,7449.62369941771,26215.6668394504,2090.89696625907,21352.8509334753,10699.6209409187,20539.4873640462,2133.81589234455,26757.8500055675,2016.52103856392,21485.2620156203,8026.99263141562,16039.713498785,1413.65500510007,30114.541031629,1938.89806689262,23796.9190001693,1988.23229098535,16812.4849570907,4631.85343648195,20439.0771679232
"45",1856,0.0284892591929431,454.29394971698,454.293297682916,454.295317890417,1334.88799999998,1314.852,1334.92100000002,29,7,10,10,124775.141549887,116789.189389577,111014.943319786,100037.819189215,94508.6115862609,81801.1372015796,85271.6534800474,80327.1021137903,146891.902499299,76434.8430345455,110211.934132211,66255.2723186664,82631.8410239667,130334.559258105,242586.694606384,67734.0887867716,83299.3979403842,80705.0158645249,179253.266084907,77126.90184314,117031.828104631,82412.1835694336,163350.169163291,76191.340823176,111642.683324948,57020.7420642179,83210.5794006659
"46",1862,0.0289003778100575,455.308888527292,455.30540045042,455.31433534453,1334.89000000002,1334.218,1335.558,21,7,7,7,27600.696607295,25438.8653249045,23321.5855617159,21102.3556070153,20684.1325720497,15816.5402744182,18124.132236854,14806.5938766896,31125.8165642908,15213.1841127586,21282.1158239138,17999.0562082018,19551.1373102739,32051.5416863832,51353.658089295,16615.4880665983,17776.4604723263,20859.7984539066,37666.5477080519,15743.6107242406,23779.3065800922,18598.2326525142,31978.8294547164,20223.4799155508,24146.0617931838,12116.0899829802,17788.5618339838
"47",1928,0.0271038411632718,466.329970527534,466.328788836921,466.330816164347,1483.46000000002,1479.815,1484.07700000002,27,7,10,10,38421.0577481531,35979.4257655988,35908.2490425162,33841.4357115565,36571.3198198154,21896.201230774,33538.6506503813,40796.8012768803,30753.5836624763,29607.3592787179,51164.5420074641,23363.8477136346,48345.8608832755,27293.3060598266,296301.80229797,24719.9012024539,39779.4737752135,27898.7674635681,42305.2857537676,28554.9919573674,48372.6055093361,26726.6724210538,43661.0133241101,25403.3501318414,34165.9879591139,32292.4837797351,43912.5822476417
"48",1934,0.0290453957038199,467.336268589384,467.334305216899,467.338596042018,1482.92299999998,1479.815,1484.07700000002,27,7,10,10,30097.1728140913,35282.7317088795,26630.4540158218,28054.090551456,27452.4667536277,20633.8201477731,25489.589765006,25910.7109725096,31414.6546744875,22220.3601777433,27869.6824505029,30107.4773524599,21878.7473449607,51032.5870872308,78967.5953184648,20851.9591925292,38406.8469524939,23625.8793804363,36402.1528643573,22454.1491346048,23756.2319839119,21037.1427241088,36043.3588549256,33456.9508976046,27629.7865294653,27907.7492425729,29190.6573719002
"49",1938,0.0299432904472839,468.310075080463,468.308719588189,468.312717013278,1390.23700000002,1388.93299999998,1390.90700000002,21,7,7,7,18722.7538179014,22087.4146371442,17570.9090483367,17227.2947044998,15238.5114201514,10379.1793437778,14165.656875401,10629.613097198,31031.3841062688,9272.10489508235,37969.6924431286,9832.77195931733,18061.9838959491,14392.1657951368,64437.5957373223,8527.55355220404,21913.3113180082,12758.9990841629,49745.0185957052,9345.09762244329,34761.6339007935,12721.6025282413,30105.1036673442,10090.4472037185,32516.4180542661,8622.34511005282,20212.0452081475
"50",1979,0.0237064917944875,473.318156952302,473.316692870864,473.319217908676,1713.84399999998,1713.61100000002,1714.982,17,6,6,5,12582.5728049852,10837.2574418074,10134.862329279,8696.35483825372,10170.00677241,4172.97757882277,8609.8195581654,10815.8544701171,8403.46268146625,9240.53095486468,11324.271065909,6745.74268127605,11005.8237760055,7121.53205383314,31111.5029371195,5397.69547311713,7281.91210576892,12024.8054617882,9010.86635972378,10071.0169403239,12404.441043592,8885.76736308932,8695.4067738312,5336.60990656316,7092.62164776561,9497.29438342281,7828.83998943555
"51",2018,0.0216137746695395,480.309608177608,480.308638643988,480.311717111997,1364.598,1345.56100000002,1364.91500000002,32,7,10,10,179301.399964295,169255.850423594,156027.075314785,143399.850700058,141122.210435179,111866.491900319,123195.635746718,69731.7632661935,235534.403634263,141433.218350242,169908.824853381,71092.6676264341,121656.645279538,197410.038470536,274928.805048045,110179.598102343,143772.270636568,107717.032109866,244537.667487826,135914.97890322,206532.997568637,129831.903988203,242607.474285728,147361.401758108,203106.488937972,71921.0628023529,124094.176595274
"52",2024,0.0215047171968553,481.313101648868,481.312210433006,481.314010833612,1364.33500000002,1363.917,1364.91100000002,27,7,10,10,46045.470627924,44152.4256073582,42214.8672453611,36810.3108464542,37623.4276232726,30595.0971477499,33444.1861366591,20925.4075955201,58160.0949933417,38758.6581498646,43921.3814895894,21806.0327221608,32203.8947581296,52012.4197991804,66814.2311175727,30294.8871318305,38967.2748346624,30006.8657784967,61332.6675601105,34266.2864102346,51832.0993311743,33511.9506387986,61596.9119441183,39672.7555821007,52156.2871119256,21747.6420953083,33450.6354215608
"53",2031,0.0282294947319869,482.325221800205,482.323925935676,482.330017253944,1448.25,1425.15799999998,1449.56,31,7,10,10,156202.265080228,191107.28027652,133585.388396354,122302.360659405,121181.133220186,79005.8258782374,105623.544219007,133122.758900488,197815.188300213,97181.509082089,207833.365605321,84112.4992008007,126777.442750667,77499.7810566467,1034763.9325917,99655.1763173478,98641.2578164319,121216.150603365,293074.793845362,105370.139245799,179917.38297531,101645.502121208,187707.439520051,92361.1761514327,142743.197915781,84008.7095390321,178474.663443564
"54",2037,0.0288558648857429,483.328831965542,483.32753581831,483.331340828122,1448.25,1423.60100000002,1449.56,29,7,10,10,43037.5410721346,51110.1375775209,36545.7475754507,34800.6499114833,34885.8753585992,22689.6519129053,29689.0252204643,38789.113015209,54985.8452886396,28457.7036632056,55286.3211445253,26782.6629797473,34721.1745311139,36433.1232774026,213407.827434247,26619.577708867,30510.0869540814,34850.4138058043,75330.6654855669,29812.5371004268,48723.2018240873,27282.7780344286,52239.8399574779,38486.5470856646,40671.9388087252,25934.7278716126,37354.8379805541
"55",2122,0.0205605577189426,496.419977192528,496.418933368805,496.421964350931,1586.95049999999,1580.914,1600.96300000002,12,3,3,4,24657.6072367338,25532.1235196354,23636.9025367796,23676.0312842676,26463.5469402175,21897.891732081,24688.5925754509,19287.7754572277,27836.0617535211,14323.2139596276,26229.9824971489,23385.9375011863,30963.7379109691,14726.3360118728,20493.7247875137,15715.7539765593,26714.4089488862,22643.7026034555,21702.3497781785,15876.0765205731,22925.6403751243,18867.1341419227,28181.6589690866,13523.8716954127,18807.8637069354,22066.6779264994,26622.0858373645
"56",2216,0.0251230102746349,510.356637283663,510.355537033679,510.358046409472,1397.49599999999,1375.45,1398.25199999998,48,7,10,10,1412001.74301609,1311641.86734999,1446780.52175834,1078379.11390299,1002558.81617374,857562.727840261,1035481.51082716,618236.048159301,2041216.79154042,880047.948706316,2499189.62936525,446268.847390112,627658.132150099,989224.499360891,4150579.05580144,586952.83092821,1044589.97561109,985798.646680764,2763544.86900293,724330.696292193,2441430.64323266,919160.782963043,1501312.49407456,674614.245731324,2843270.22968131,333296.670665876,553485.504760297
"57",2217,0.0224234479813937,510.3917757958,510.390188312285,510.392802665822,1506.92800000002,1502.276,1510.268,27,7,10,10,46797.9237925918,51038.6465429434,52440.0993995008,51180.5038458402,48767.0064300772,39625.4998899595,50515.2371348671,52290.166118576,33593.0858434538,51037.2467859212,53609.7624534705,33148.4371607206,37161.8754023589,52495.9162127176,363898.937468014,53283.5878446168,42334.1887520954,41285.3589606526,36836.9662862984,54493.7726578322,46145.8327260957,60691.1542566074,52615.8398291036,55668.3981589737,40197.5823286454,42271.6221517849,33128.8743367538
"58",2229,0.0250816131896125,512.361467837493,512.36038183941,512.362784661014,1397.571,1375.45,1398.25199999998,32,7,10,10,67087.8685319448,62041.9915250162,87406.1203606066,87394.9188137352,48798.2746397803,41655.7671307524,44185.9122406704,28714.882739484,93179.3506151415,43861.7939950409,108627.184886546,29219.2036963432,31808.1659348605,45962.197717744,172794.686526262,31804.4351005944,51138.1967444187,48928.7594968392,122116.22327655,37783.1608290952,105728.5384114,46371.2247089721,71261.1433672763,38006.3298497315,121838.715393341,18987.2892609802,32014.7710347769
"59",2254,0.0207200468046414,514.876054245593,514.874364517168,514.877488270011,73.23399999998,71.95200000002,77.84,27,7,10,10,29080.6667099663,29081.9126043547,27354.3794515688,26480.7197923073,27636.0646316723,26018.0518305349,27064.603623114,24270.9096439643,27639.4740438705,23871.9925238274,23384.3777708471,27046.4392818197,29517.3357725094,55972.9080884994,60283.3036366539,24224.3383405259,23554.089944917,25582.4311469768,26906.6063323285,25245.8707023983,23477.3287471962,25269.3940858342,31537.9295992222,31757.8913212719,18720.0520117395,21462.0075991694,25255.7915014026
"60",2358,0.0277919523565464,528.313616713259,528.310850641501,528.31861529566,1323.83149999998,1323.06799999998,1324.242,24,7,8,9,18062.8840711857,16773.7628533945,14866.9884766947,13939.0311073791,13941.5792629397,11869.4233828792,11719.7876184049,23110.6650042476,34973.8501073922,10468.7189390194,29520.6027436144,14756.2733400874,17717.9700317769,7595.49633656528,34409.0908527989,7195.00295762904,15572.9871842304,22856.51853184,33422.3220794707,9141.44554716997,18597.5933453726,6806.2314356168,23391.7240403256,9166.51697757923,21322.319442235,26062.2363886421,24079.7715108949
"61",2375,0.0205471708070643,530.329289734075,530.327282581958,530.331958182259,1378.22799999998,1377.50099999998,1378.237,9,3,2,4,13967.2975251907,14142.6130101619,12515.6902758673,11570.7842502113,11691.4299527801,8695.14674314484,10675.4673587407,12142.8074904103,16377.3089528925,10833.4017903917,13782.5324451306,11216.6214171464,10304.2848579692,10827.8635419185,17625.5158980839,7997.4724085182,7824.81637613741,15278.6354810314,11329.3267464363,9238.97992040962,8409.09434907493,9541.88290438482,9598.26007405668,9374.51063580358,11126.5091561363,14661.6520958042,10349.8243967874
"62",2389,0.0205630366465039,532.339082645816,532.337969138349,532.342203083754,1398.23500000002,1396.615,1398.72100000002,27,7,10,10,134525.252607421,127778.22141178,115088.956629096,102088.651688774,107566.823802245,46758.6764121294,88790.5993708853,59009.8780231853,169395.461831177,83314.8254163699,186906.038973574,45711.1217400967,81185.2131586406,57114.1197459915,198913.955039133,45023.4213407902,74313.4502773011,108404.363403284,179806.536968438,75342.5658598206,191692.89390134,83876.4037207196,122867.766691281,59189.9529694821,192364.398720938,30514.6374949492,59988.2438846586
"63",2397,0.0202080085500685,533.344894907492,533.342490059647,533.349479989545,1398.23500000002,1395.97799999998,1398.90899999998,22,7,7,8,37698.0320760411,38509.1156797589,34925.1651040646,30939.3554320181,33143.8435615125,13626.5818129182,26028.2749493225,17345.6864595532,48613.7073549578,26782.4531506025,54007.0552384817,18032.0945087288,24603.3760096599,23705.5482765163,55245.7116909911,16700.6854334027,24557.4905021249,30880.5970034718,51995.227088561,24234.4496648203,52326.6082411332,27133.4559594656,34317.8893041667,21299.2760053043,56076.2466186594,12969.2452578887,19033.5579814452
"64",2440,0.0229877094169813,538.385838264273,538.384490640632,538.387612793645,1504.26399999998,1499.05599999998,1506.93800000002,27,7,10,10,82174.0507372473,70188.6040816971,66071.7854811332,59368.1066304896,65623.427337348,37187.1600027428,59353.8031644519,48939.6579722822,119976.798238042,56739.9035317076,65323.5130695573,74943.2706794421,39820.7112457168,125682.745371634,114259.433123497,36926.4840427054,57136.0853324709,68470.5241713139,117922.104876825,57067.0795517204,48576.1782587088,50590.4115179728,113249.267370883,78365.4943420548,75033.0886657904,84325.3853743666,100909.192630749
"65",2441,0.0267066814752461,538.387452109069,538.386287743724,538.38891045703,1530.692,1525.049,1534.23900000002,18,7,5,6,52937.1407429249,44834.8544165037,44792.2353016008,41669.7836071419,37924.4739472917,28154.9214214881,40645.206871424,38515.4299429634,54197.8811122039,36330.7360510257,78985.1092619014,34753.2174858194,23891.5797505565,56950.2770398237,275866.594186588,30748.4813525805,36867.1047336242,55802.4440988652,87599.2331689457,41991.1077993082,58146.2244843583,43108.029916659,50428.5990654116,45014.9707128259,60709.1792027767,27579.7694227682,30588.4312603226
"66",2696,0.0237800587791826,574.8741345143,574.873123493125,574.877855606879,72.56799999998,71.803,77.84,7,1,2,4,9252.80122316627,9058.72272867766,8891.29976959842,8920.83002559235,8381.87769627557,7293.37396191146,8324.69916494834,9015.22182127695,8211.23312574113,7745.38592112974,6844.80551515007,8144.76354531944,9025.50001279992,8886.59226787956,15217.8787241661,6929.65039382492,6452.1037682374,8534.18995616455,8873.83067651368,7650.17810628656,7682.2546283153,7319.63481408427,8280.26467202492,9264.84962555157,6204.26208743457,7350.42793857288,7347.6704482948
"67",2730,0.0219801143138463,582.86355459099,582.862690568444,582.865600684588,73.23399999998,71.95200000002,77.84,27,7,10,10,27040.9016161484,26877.9012322582,25805.4247453445,24925.8114158926,24588.7705207513,23794.6706612496,24725.7422044866,22160.597323161,25249.9074797751,21317.1642664622,21653.4669646797,24396.4482799288,27835.1308975436,51713.6142795359,58760.9661799344,21306.0444464719,21568.1966458134,23519.5174061586,24607.5560420841,21965.7637749512,22059.239613508,23004.9284987848,28763.5333065324,28667.2707130264,16312.1972735329,18515.6024214634,22843.0037886919
"68",2861,0.0279908786727708,608.870955506856,608.869229787668,608.872691587464,72.5675,71.803,77.84,26,7,10,9,12996.1044084692,11752.9996253418,11921.8574528471,11090.7767120855,11235.2292432938,10262.2687588379,10536.0880582311,11596.0716700989,11405.9686037842,9628.00571988212,10941.4693016167,12561.5519488159,11090.9848636108,13403.2192110107,23907.0559891739,9383.75037789307,10391.7602698816,12010.9012930176,11902.0302153019,10540.9756324585,11004.8471255921,9696.86984737743,11627.8599276702,11883.1612306226,8971.10952183832,9891.85717750497,10312.5851962524
"69",2915,0.0282110201148816,616.474392620114,616.472081066058,616.477706692118,1736.308,1734.96900000002,1737.653,23,6,8,9,25160.3941571462,20139.4208167135,20311.253864452,16790.795879324,22731.0219316204,7241.53132636324,17814.6279056689,28273.9157577272,32428.4951359677,19156.4943981983,35343.652858714,27112.1301344256,40528.2607607352,23264.7796051785,40442.9782471671,10652.1599672523,24224.699460193,19892.3435189432,31275.2841222252,24360.8787919798,39503.6555432456,19040.5752008943,29926.5724965819,19066.0818997809,30258.7711932533,23366.4138644167,25908.4282123952
"70",3010,0.0307166457418714,637.305160545308,637.301085365742,637.307478038123,1551.01099999998,1550.27,1551.65200000002,27,7,10,10,117939.604435978,109001.143281755,103408.700408124,89207.2131441172,102735.131968257,49211.0864244391,92030.3697670472,20323.3842181675,255163.980799615,15343.0996639711,210991.222298204,17010.5494334564,175467.966213717,12594.6601616427,431304.502559709,6645.42239985226,225632.599931119,19686.0107674645,241378.095067745,13775.282520821,280073.743666695,14163.4949926791,314782.464231291,9178.6511238443,228508.388962492,11248.7211948685,180166.546680996
"71",3021,0.0306392920427448,638.308528602063,638.30418937775,638.310274423635,1551.142,1550.27,1551.62299999998,17,7,6,4,40465.8062358966,39528.3765920308,37254.9947353146,33750.7822499554,37090.0313969839,18295.8073892262,33463.0944747279,8756.17275934888,86751.4278499974,7547.65049614757,72433.8490662297,7878.97290285387,61036.0974177496,8803.13236193842,141128.563074443,4103.91990392851,74637.2779315529,8160.58990200485,82755.806376406,8652.50201117247,93392.3942895035,7461.87818481421,105759.98692939,5816.79396317175,77736.1456451122,6423.95639365911,61488.0472256101
"72",3025,0.0305727453115049,639.310200495599,639.306378118908,639.31220005196,1551.102,1550.27,1551.62299999998,15,5,5,5,10864.7316956096,9264.06949625226,9164.3461560996,8272.10054293524,7936.94267979052,4441.70277576961,8177.89881795521,4288.54722098013,19482.8220140868,1951.58677525683,16314.4318885745,3058.30382723516,13206.2932001316,3072.56842620099,28682.233707714,1186.26541970298,15492.9496550005,2324.15761972778,16712.6785764938,3037.76999167963,21354.2020096544,2768.13159822063,21967.9067044576,2305.54910000134,16965.6533578508,1998.45334038635,14391.6954311767
"73",3032,0.0219246626046353,640.476306084302,640.473627502946,640.4788916832,1670.9125,1669.641,1671.64900000002,26,6,10,10,35433.5790353176,31015.1063121605,28979.6877522376,25169.3980242123,31045.8059643429,11361.193895162,25432.5445167681,43022.2386945692,56140.7252989971,25041.7646772374,52328.0335823105,39203.7520651223,62937.4999737898,34662.2429968661,40313.3387407586,15960.6103518675,35325.2906076052,35612.3218632858,57428.1115867873,32299.2008352113,57667.9005025633,29183.9264781401,46647.2126024613,26837.9982278746,44860.4849512326,37134.3819476882,41058.6127498663
"74",3036,0.0213478306693001,641.477625155909,641.475578840052,641.481248625272,1670.38800000002,1670.30500000002,1671.64900000002,21,4,8,9,14579.4407677651,13491.6153442385,12872.2305469583,11072.0032502672,13252.4255075251,5738.18200883512,12651.2163031446,18647.697105426,22849.0530683152,12127.5483282164,21745.6200769043,17964.4265355176,26425.8168400432,16284.1108918365,16497.3617532128,7847.63630365133,14686.3930409643,14864.2784939117,22806.7531390693,14484.6838734402,23196.1831027787,12662.9499355245,20501.0223026501,14724.3780627407,18705.9320113463,14615.2268878121,18061.3853368013
"75",3038,0.0302754173539902,642.492139014284,642.489061317019,642.494458679704,1743.65800000002,1742.98099999998,1745.65500000002,25,6,9,10,21407.9619684511,18159.0860781934,17350.1820017671,14401.8570922801,20764.8134998235,6374.2231295456,14993.1611209681,24209.4390235276,32053.454999936,14962.7228163673,31523.4863287639,22277.1997522364,42013.5352316537,16568.0498612814,45288.7265703677,8841.10352840128,21356.7962509078,18504.6859080216,32994.4385035881,19533.5548517957,37197.1825676893,15899.4528979804,27500.0720656013,15152.2898192561,27720.5833787399,18889.3118371846,25160.4282763522
"76",3039,0.0262586022729699,642.861790492594,642.86008774806,642.864450536078,72.90000000002,71.803,77.84,27,7,10,10,15914.656489666,14869.4233958007,13960.2133231724,13464.3025854009,13853.362434137,13235.1091655753,13077.8092509943,14060.8207978027,13920.505909285,11793.368354176,12049.8616020243,14612.2939040283,12865.0117978674,15566.5519578735,26486.9937913411,11388.9159605709,12026.4907458035,13669.2840949937,14134.8890142456,12777.4171550537,12716.0567408936,12287.5127246915,14456.5979964966,13576.0274380195,10090.9922743009,12412.5942095947,11793.661766997
"77",3066,0.0302856775863582,647.449590153882,647.4490965199,647.451407856032,1742.991,1742.976,1743.66000000002,9,0,5,4,15589.6785658206,14030.8032114413,12393.4263824948,11636.8318464812,14903.3994845435,4260.21275077807,12257.8480457322,17740.6441695856,22249.7392554497,12417.1079792111,19146.0489054277,18062.9658039973,25388.7106409445,19542.9940264746,27729.6328560218,6251.54054003209,11807.5421183458,14200.7029778864,22983.9312495792,15169.7997350994,21942.3159599085,12904.3996205926,18179.1992683831,14272.3888838236,19899.4468091754,14192.2291563996,17114.9295407103
"78",3082,0.0220693871677101,650.851896864245,650.849820059183,650.854530551641,73.19699999998,71.803,77.84,27,7,10,10,23067.8899427084,22919.7264812384,21116.7620673547,19335.6749202205,20480.0157260509,19410.1644190674,20010.1903587831,18356.7780054116,20772.8017842774,17805.8823786835,17812.1272965202,20598.020806992,22154.6846692505,44049.0057759247,50780.4101145413,17452.0431571411,18195.8653800237,19821.6801268749,20016.1015612671,18173.8140891576,18453.9838224585,18689.8439179409,24536.3195559351,24774.6540084827,13824.871436377,15655.4025694946,18885.1639988534
"79",3097,0.0307728120198598,654.331732190812,654.328156488146,654.333777870957,1550.985,1550.27,1551.62299999998,25,7,9,9,95675.5131177022,86020.4813366037,77363.0047144541,64246.4080048282,78989.6420784365,29966.7732643945,70025.2041328503,15030.1962655654,174851.295119336,11573.6096081564,143656.802431285,13259.6684141819,130421.132697041,9019.8276549222,282681.341544431,6221.3989734496,136476.829037097,17780.9963714167,169477.808203158,11004.4832703953,193470.633085593,11062.6547003171,191181.032091375,10326.9023387046,149843.564181394,9086.35723195797,119329.120884555
"80",3104,0.0309513819398574,655.33475160241,655.332614016387,655.336796690261,1551.142,1550.27,1551.62299999998,17,7,5,5,33599.9960370974,30789.5167131642,27254.7779785505,23216.398953302,28302.261656079,11401.7877332922,24623.7733950063,10934.2978469531,60023.7347367392,7980.24296789137,51141.3202350768,9383.23209859307,46407.3506866219,9343.0622492187,94903.4340855917,4495.06991499955,46361.5533932838,9138.07336445674,56894.5005721434,7907.55787233822,67101.0666979816,7509.0043955291,68232.7553905947,7341.90770016078,51989.9112154019,7046.44816355507,42116.1814431581
"81",3107,0.0312193844595605,656.335674827503,656.33388760536,656.337189083998,1550.95600000002,1550.391,1551.65200000002,11,1,5,5,8031.5085366793,7261.51284605191,6759.231041421,6516.36984018385,7773.28422031105,2604.24086991549,6222.88846646324,4911.40214545727,11624.8347732243,2660.45234030858,8911.84735541831,2673.74870434552,10382.2289417373,2916.63006401718,21721.3660986299,1493.73736549169,10868.4938022683,2100.15059146099,11797.9521793394,3766.60885679349,13626.0655065962,3770.3777736317,13403.0260002549,2614.42639006302,11313.7123225585,1991.37696300745,9498.41662576886
"82",3124,0.0316240666417426,659.287226855484,659.285173572898,659.288690377515,1551.60499999999,1550.391,1551.62299999998,16,6,5,5,25240.6076576087,19967.0074641005,19137.9576994946,17061.4797715226,22968.0496412942,6899.97076545641,20215.1141472992,14068.2914895068,33268.3230084334,9431.73757936899,28097.6567367284,11248.8715832597,32345.0094214911,11977.5076704543,45244.4060050154,4614.94413395137,21486.834844373,9000.97833394383,34024.0301786921,10141.7637276053,32857.9840712897,11000.6566392836,29547.1750558601,10069.6984011494,28129.1245583041,8388.57254156936,27577.7378122104
"83",3129,0.0309618827063721,660.289556856881,660.286747500384,660.291682847727,1550.9375,1550.34400000002,1551.62299999998,6,3,2,1,13182.7049498044,11499.377910864,9308.76879251543,9576.87497349137,10344.6559532969,4891.32530139895,10277.5507188376,11806.1854785979,16564.2893649936,7608.19359709322,14145.0025340862,7169.79158873785,17614.7190938921,7782.61078533058,26279.2517851304,5316.50734743307,11771.2206407472,6558.64387756018,17797.2593163504,8425.41026561814,16640.3792912293,9188.78631927073,12434.5162487881,8059.19654172127,17174.5652642399,7967.04546322567,14754.6970924845
"84",3166,0.0219373820144269,669.331708970997,669.326218628732,669.332946943869,1553.61199999998,1552.937,1554.28199999998,19,7,6,6,20531.3412038491,27323.3463778234,29414.8381268522,32752.202856611,37930.9165336888,21125.8385660623,45254.8210926958,8789.35427790386,52162.8810706517,6983.0859650887,129213.990665554,9468.49638093263,171875.078914141,4997.95898034037,134432.643400373,6573.76900053422,252988.060789227,4081.68187419325,72519.037404411,7269.47806496732,119461.313217002,7107.61951286917,166255.1492153,6899.2815225465,66758.7453496059,10525.8729421776,226385.074058226
"85",3167,0.0291239862140609,669.329419167069,669.325410641762,669.330916562924,1588.24899999998,1587.57199999998,1588.293,7,0,4,3,4428.22011387348,5038.7809271914,4729.48188626631,5231.31937107742,6568.08497398855,3561.21723688292,7234.78274490684,4499.23444259167,5725.27373410252,3253.63938133283,15622.1509190786,3680.38732443885,25895.572972726,2900.18343758324,43651.7792660818,2462.5134322115,27674.3614838404,911.262279223989,10150.1570262574,3203.79151874815,15827.6653039856,2365.7967201512,23431.720068855,3646.60507154736,9759.47254126993,3886.35185054486,32015.1585173868
"86",3172,0.0219161752548517,670.333153737685,670.32959917811,670.335011835783,1553.613,1552.46099999998,1554.28199999998,16,7,4,5,8179.62274823007,10278.0142982359,12531.4739088337,13294.280300881,15818.5778318618,9179.37884360055,18180.4554546642,9179.85183448791,19449.1388996478,5649.67138547583,48935.6696381835,6268.12173618029,61649.0878840327,6787.95920839841,48651.3554072038,4358.1278370209,88336.2697040804,3903.88650944481,29918.2225636697,7143.3097270642,44189.9000889431,6998.67277034159,58058.150610364,7084.03003474325,26806.2996911727,7508.8592523694,78492.8121770706
"87",3177,0.0206203276005345,671.334088566264,671.332283691362,671.336051539019,1553.63250000001,1553.148,1554.28199999998,8,0,4,4,4030.37875323184,5162.7761472445,4347.89751168128,5311.30076859679,5326.09459742105,3282.35774192537,6125.19680397585,7176.82079093797,7573.7072055095,2247.38815420174,10405.0104501011,3597.30843943464,15584.619596581,3702.01957914569,11715.6933224747,2962.65112378001,20523.3193657584,1747.6670847583,9979.28701296635,5394.65649134346,12277.5213062569,5120.48876118958,15388.5046771805,4204.75246261113,6171.07931229059,3397.61522091712,17498.7603721208
"88",3195,0.0269117104940989,676.858667030865,676.856645628119,676.860853853416,72.53099999998,71.803,77.84,27,7,10,10,16010.2534097953,14321.7597795997,13296.0122531041,13030.1907370634,13436.3378011789,13325.8395413941,12625.7971423015,13845.8022156711,12975.1926845093,11623.9236516244,11818.7759026045,14995.6419042349,13307.6267524292,14692.7705387346,27904.0233102135,10937.1429441528,12354.0913365723,15152.0025574377,13750.8433077026,12561.0260257812,12493.9580087402,11445.4686083252,14753.8752745361,13703.6829782715,9672.74627516718,12052.6931639045,12153.3855336792
"89",3199,0.0305585761374468,678.325197325552,678.321915964306,678.328722964712,1550.979,1550.27,1551.65200000002,8,0,4,4,7245.64485363527,6633.47430649671,6302.72144355286,6189.53619846769,6766.07719460672,3170.18316002376,6184.72262906419,6944.75578127124,6834.01627607585,4728.32735553722,7087.7163714929,5579.47608296438,8193.76155232841,6909.75392037135,13677.5456100142,3628.74232054912,7288.80293629679,4430.7504318089,9607.75747102951,5781.47910241444,10598.6250841095,4820.82040084004,10324.4456204034,6168.50081768903,10594.9322223999,5240.24266761541,8574.22010633756
"90",3233,0.0213808698976628,686.357006823224,686.354459299948,686.359339204405,1553.60899999998,1552.46099999998,1554.28199999998,17,7,5,5,12551.0344158246,15523.4809568649,18743.6550773874,18875.3946781511,23223.6905858904,12045.9764850135,25998.9468982304,7632.19033545256,29753.2605610975,4477.50301937759,69126.1613053307,5066.99986567747,95580.7143777093,3272.61298786273,69830.7005420271,4450.59336073324,140558.199461482,2626.06169179508,40568.0223792574,4694.31827607063,63056.7750038499,5340.52835335263,87372.9983503575,5749.24151554597,34522.78098999,9056.10488325996,122365.750251852
"91",3235,0.020589605191351,687.359656781189,687.355558038056,687.361382607295,1553.61199999998,1552.937,1554.28199999998,13,3,5,5,6269.49206590652,7913.99856380208,8549.6546539031,6658.18475411536,7762.68708503089,6379.96159254677,9984.0326767536,6866.98229745626,10355.1962508379,4700.27204944069,25792.403800966,5586.32914079353,35756.0645807424,8462.96162241394,25351.1734690482,3561.0753602311,50143.9108927779,3797.6640005596,14126.2175421755,5336.02442451815,24727.0167768031,6088.2850481309,30763.0661891869,6042.25587286055,13522.6647443934,5636.59608471394,44441.6076031669
"92",3252,0.0215843022357654,691.312968396611,691.308926277715,691.314660725069,1553.6085,1552.93200000002,1554.28199999998,16,6,5,5,13087.0584889021,14299.82280761,16954.5325809488,18692.2856578463,24771.0822050636,7501.66987561175,25528.578938051,12338.3185149587,23316.2512460433,6870.34381884061,56089.2731342775,9416.07866977236,122398.915593986,8060.90387187926,62705.659303912,5382.72589588279,66230.7285695929,4892.37408932525,43932.8117240229,8358.13603789975,55996.3762917884,8936.42478520391,59204.0977831838,6304.49146071724,34607.478379966,12156.3967947234,122956.736749205
"93",3256,0.0231347302862699,692.314841584058,692.311776875862,692.317467908888,1553.61199999998,1552.937,1553.739,11,2,4,5,11082.6378402978,11853.4093841296,9871.49945200503,13759.8723343849,13348.0281370837,6251.96852131501,12458.6473215198,22113.5487999201,19558.7720195889,13033.1756882469,32072.3950046997,12099.2411841662,54213.2925125779,11469.8569166089,40829.0990693971,9985.39194225311,29216.4533670601,7317.20128910184,28846.2593273447,14527.2487202454,32145.1572448683,15532.0444145334,30882.1293379176,14047.0910863522,25416.4146233033,14816.1378000498,57884.8244775725
"94",3274,0.0282504905264183,700.314798316909,700.311101893987,700.316180693524,1550.985,1550.391,1551.61499999998,13,5,4,4,18816.5951313978,15549.9049589116,12034.1425248089,15715.2937988192,16796.7868879921,5662.02438142982,13560.0838963834,17796.8647061366,36414.8188874485,11301.1368890921,26891.6312663406,12161.4497887351,19268.7621556398,14423.0219087408,32446.9324315725,8278.66338373248,18224.890614298,8819.10359956945,24161.2635374849,13267.0687020249,26488.0027217528,13379.6245366398,24202.8706864259,13737.6036238803,22435.6272790647,12127.4336662599,21191.484673596
"95",3323,0.0263469579060247,710.849295175373,710.846623090443,710.853245827009,73.015,71.803,77.84,27,7,10,10,15965.2363563409,15373.639715741,14766.7013322405,14579.1557195197,14011.0226195037,13427.7864505432,13279.7293552659,14700.7326494385,13617.4801478612,12916.9694841348,13169.7376840928,15496.4881319929,14593.5880358138,15765.4051616658,29363.6732713725,11501.7663293647,12358.6570708008,16091.6843274414,14545.1211297119,13923.7995941101,13466.13741268,11880.8802808453,15339.3741829244,14705.8818768834,10011.0735765352,12675.3832396415,13577.7559627808
"96",3354,0.0235360491025226,718.840677576119,718.838298368608,718.842620091343,73.17699999998,71.95200000002,77.84,27,7,10,10,22266.4997848614,22117.0416142897,19735.1418193586,20450.5066683046,20303.9026044256,18962.519895044,19394.5971379395,18035.5623159247,21124.3368676139,16257.2087299194,17034.3926946373,20618.0148800834,22692.6939591415,43494.5561906689,51988.2596379,17478.9486458792,18356.3397664834,19515.386997461,20027.6563774197,16275.8850614319,17760.1949840345,17891.1801002686,23671.3467666992,23895.0630822161,13864.1873706553,15181.9150483154,18409.5606314575
"97",3421,0.0274646363508594,744.846139958801,744.84457600065,744.849629845373,72.56700000002,71.803,77.84,27,7,10,10,15428.4386756903,14066.6220040614,13771.9666546296,12520.5994857004,13858.1265398438,11415.3127226637,13185.5546947876,13467.3242739258,13509.3812981506,11168.549236439,11807.7912883895,15244.6787582153,13189.0919825073,14509.5969659181,28770.5492188285,10391.0872350212,10994.6899959204,15243.3651614014,14841.1181092245,12743.8371075659,12120.1328968006,11169.3331080845,13638.9356590197,13001.3501019852,9757.6169272023,11753.2807281006,12165.6267713135
"98",3528,0.0271147195888402,778.837743804127,778.835767282727,778.841298072687,72.60499999998,71.803,77.84,27,7,10,10,15488.7192477106,14812.0845865967,13621.6047646833,12518.2795277972,13924.5866756596,12251.9263857249,12170.6899884263,13761.8102019775,13436.7641874407,11553.6885183629,11694.7059398357,15164.1826410522,13286.5436690613,14835.5705348816,27945.7383505249,11095.3369708374,11178.4434576939,15063.7471323486,14664.2931730591,12689.3447735485,12552.3860128052,11686.7819337681,14644.6554572388,13510.8759730225,9950.51179963619,11354.5509089879,12630.2432791629
"99",3556,0.0244496266787403,786.82988861675,786.82628490728,786.833108498937,73.23599999998,71.95200000002,77.84,27,7,10,10,16088.7497786495,15810.3023973214,15884.5718823321,14394.46535354,15460.5960582031,14503.5670848877,13725.9749520508,8967.8587906983,14469.0373088713,8749.34307090982,11807.5092918136,15347.318187605,13555.955949353,31391.7427294512,39586.5174657543,11561.4367549501,12367.6880374518,14254.0943172912,11859.9021766247,10465.6085845907,8807.36380824333,9794.02693583985,17365.1063193115,17597.2665696626,9302.89162927539,10165.5007111817,11915.3557289856
"100",3609,0.025829099881902,812.833852821788,812.830978191442,812.836197763089,72.54050000002,71.78800000002,77.08299999998,26,7,9,10,13887.2168667036,12923.032980428,12019.8266478991,12587.8763654785,12453.4727608032,11115.8888616439,11826.181875694,12594.01459646,11002.916909385,10879.4511194401,10982.6329209917,13819.4523026367,11822.9114524048,13593.0065197245,25607.0974399414,9557.9504540073,10578.6829130859,14068.3679815263,12291.3682638672,11821.4111727539,11557.2683278931,10486.9819461234,12738.1369931084,12312.4230803571,8899.85973483888,10001.9461363874,11136.7516648804
"101",3659,0.026484869442877,846.825870021857,846.822956835296,846.828496828236,72.57200000002,71.803,77.84,27,7,10,10,14602.9348644701,12671.6734665844,12676.1282237549,11895.4269584787,12397.7756677777,11063.1000381508,11237.3656484527,13312.2706151794,11807.1658666521,11103.3448156635,10933.7132987556,14449.6781557739,12234.146779541,12929.4543539479,24461.8316621806,10126.4611313085,11385.2383649205,13445.8514421992,12525.280528712,11352.7057560791,11396.8441135271,10288.2092175816,13031.7271709817,12158.3116579415,8326.59493191251,11332.0443786621,11432.5151005798
"102",3670,0.0239992879528744,854.821857232329,854.815362433384,854.825115402168,73.287,71.95200000002,77.84,12,5,4,3,10984.526287803,10582.863959739,7138.87633593751,8818.67468557818,10499.5578400768,9570.57161027321,9619.15229645446,7337.88127327397,7823.34441366578,6414.69566064446,5374.67246846889,10201.07829348,11287.5052332623,24424.7424557234,33169.2211766656,5851.08872961549,5907.32143861606,8886.58928882945,7372.86158394136,5493.24779708274,7146.62673555192,8371.41801036391,12737.6242305908,10188.9493290039,6329.75228383003,6182.67603207299,7325.30062753978
"103",3690,0.0259014265295099,880.821119318979,880.818011519268,880.824281234852,72.56700000002,71.803,77.08299999998,25,7,9,9,12837.9728935342,11580.7331258144,10813.4804883859,10464.1442970494,10617.7547181152,9350.31923015227,10376.900965979,11519.6741321981,10425.8604721609,9722.69531202915,9025.8354289657,12640.7267975464,11327.9667649272,11391.0076426126,24342.8189655965,9280.78663142451,9507.15344023786,11415.0647331647,11189.479208606,10325.2314219781,10624.9040456054,10217.351024646,11865.1382531484,10879.5959552856,7934.98018137818,9483.38721411744,10127.9029628296
"104",3741,0.0270558982737914,914.813582609949,914.810659434374,914.816528083874,72.56899999998,71.803,77.84,25,7,9,9,12368.3145858503,11521.8647256659,11017.1706066023,11016.8046728312,10910.6612820902,10481.6911189174,10234.6336629703,11184.542410083,10554.9318360021,9326.33867107282,9573.91252591686,12427.1116750244,11651.9660966675,11201.2990691681,22092.1327571055,8986.89582528653,9303.72346712821,12435.709116751,11510.5632286499,9841.53554571826,9928.46158785191,9525.18744062151,11735.2444768491,10452.3061635125,7686.74916196593,9647.53364564732,9767.65403587123
"105",3801,0.0268986517274692,948.809432700489,948.8061641879,948.811751623936,72.54050000002,71.275,77.08299999998,22,7,8,7,10716.7492862026,10678.6381672658,10277.3595658586,9316.38321109446,9491.14201330709,9170.65788651453,8890.78790648535,10430.6888802185,9207.84675315752,7700.08327092554,8247.63612956043,10819.4383776733,9475.80471444091,10623.9056571228,20821.9388231455,7460.89472449295,8142.79868873814,10804.9642289502,10376.7158787109,9159.74180115401,9121.05172688301,8419.61332911683,10082.1037244526,9411.7121955443,6633.33514303425,8754.11617199007,9151.19035604422
"106",3878,0.0267986615716178,982.802577759898,982.797312351306,982.804750326782,72.56700000002,71.803,77.84,21,6,9,6,11360.1114572231,10119.155851604,10177.5957746233,9227.67621250699,9448.67721730602,9514.98561742406,8814.13082015193,10435.1616737758,9881.82571837352,8166.34758019147,8535.11410068706,11663.5683922485,9525.81682386265,9540.981844244,20048.6936802928,8222.5059835619,8601.65678404018,10179.3080346398,9596.1728910622,9251.45841219915,8628.41733477014,7750.37834422305,9917.73630463791,9915.91170711165,6908.60541715113,8559.65839876883,8756.13603889253
"107",3938,0.0268959912862512,1016.79743877369,1016.79390373825,1016.79862454366,72.56799999998,71.275,77.08299999998,9,1,4,4,9785.10744642858,9186.99952232434,8428.38849748454,8127.50929368628,8750.90064357214,7781.47690126135,8102.94101464849,8549.62159638323,7892.79802153571,7342.18636442907,7347.78927963238,9156.30870216868,8724.21343984642,9009.78959331217,19516.3384771322,6597.12460994971,6948.38476194149,8900.76285490184,8756.11651536428,7782.20650077586,7570.48448208401,6895.90361668771,8825.04423762207,8634.38496365792,6060.67616185481,7921.35308345952,7726.25409304003
"108",3945,0.0271603898024638,1019.70502958388,1019.70351052035,1019.70767297743,1397.58500000002,1395.97799999998,1398.25199999998,19,7,5,7,23594.6738831054,20924.7487084594,18732.698266954,14632.9701512539,10834.6216747402,11541.8580925305,9445.45515435349,3168.1618341,49785.2055617586,10939.2368567051,77238.0811547871,2442.0837730482,4222.30280454342,7542.73721589008,236918.599017446,5639.54010011761,14366.8067035873,10958.1191581712,96271.7247172119,7199.74819731919,75249.7744978735,9842.61449962604,26748.4532956482,5829.57738214645,100836.887333346,1004.42765052829,3819.42729467273
"109",3950,0.0271399301133638,1020.70735740886,1020.70504534159,1020.7089151042,1397.58150000002,1395.97799999998,1398.237,12,4,3,5,13017.6786320539,11692.9292507408,10140.0531683781,7882.11096536886,6040.43074582947,6150.22257512382,5255.83673435364,1856.31181640894,28430.6296379575,6073.35314423192,40647.1400908699,1428.67602457149,2345.99082205158,4120.78737695892,123347.357680094,3244.04799272808,8171.93222880148,6518.209946407,51384.1586457084,3926.10850412718,40907.8920382613,5844.60844049087,15593.4139189715,3560.43351592656,53978.9647197043,284.820261070361,1843.50244986438
"110",3981,0.0214082020202043,1031.70302933133,1031.70083461611,1031.70480305072,1374.22900000002,1373.52000000002,1396.90699999998,15,3,4,5,11243.6547803632,10414.250423678,9859.43529835835,7841.14454681343,6701.86328875936,5922.68950768477,5269.02867775659,2737.68056857234,22194.3272221525,7954.91252309567,17700.8749026969,2410.4967534395,2204.46690954806,5932.17999081683,31716.099012077,4423.72616463982,6014.47063566703,7708.24313913276,28048.3894280356,6629.42664275201,19230.1305091043,7336.76258080184,12860.819347636,6554.38116552132,28125.6178813513,1439.34827603151,2368.31547554996
"111",4015,0.0224903406130458,1047.7366196533,1047.73402545169,1047.73855873724,1457.586,1452.296,1458.25899999998,27,7,10,10,829428.532581083,760973.398895786,668118.010247667,541420.329732558,542997.613193792,319547.716764264,442289.726271059,453139.097277242,785159.049630198,620022.251209399,834018.632647594,254118.969619577,141920.79192412,421408.293864369,5465090.14814929,437922.176442375,215413.677915352,884306.745761307,1044054.98806223,908465.153025509,779975.913484274,880125.444563074,510659.796086916,636900.979457804,665074.575144074,156898.332543249,136422.339015113
"112",4016,0.0226724555672143,1048.73953500079,1048.73712946639,1048.74197066315,1457.586,1452.296,1458.25899999998,27,7,10,10,463098.521728913,425768.331840323,369999.349058743,302520.044139302,298796.211972991,180381.442542323,246775.526236726,254978.390375445,440698.531038758,344264.744958571,461300.083417055,143616.13868184,80618.0191679357,234451.959501635,3200128.68485379,241589.024878281,121988.641477142,488166.862030836,586600.684203439,508925.454851988,430027.64115725,492440.195983553,282967.49012732,356668.08340285,369144.015955771,89300.8528735273,77221.9506114555
"113",4017,0.0228542991761821,1049.74199083669,1049.73914920911,1049.74407897617,1457.586,1452.296,1458.25899999998,27,7,10,10,139666.801989763,130953.53350063,114634.525145193,93418.0885997583,91250.2773574039,57592.491164593,77027.3545389068,79205.4042021706,132450.563743896,104749.511065334,140108.096194942,45962.8473442576,26975.5941185479,73856.9374353332,998146.763712589,75378.9478259639,39662.2318988042,148621.369884672,176075.161314397,153134.912383782,131223.119339273,147708.821697343,87619.4643582287,108194.742909954,113267.782621556,28714.6156312585,25828.5569570932
"114",4018,0.0225525192228614,1050.74347702668,1050.74083925083,1050.74599150493,1457.58549999999,1452.296,1458.25899999998,24,7,9,8,31065.8684355208,28470.4279331073,25239.2777456227,21607.771775563,21279.2274548346,13715.8895669185,18041.5946188306,18077.1544098767,29542.8087982451,23908.9699893333,31265.5822087261,11213.3910932199,5765.54449817056,16834.4366746027,199194.510501291,17484.2456628892,9511.21816514282,31215.345734523,37675.5316104822,32663.1261190269,29258.1631746033,33424.3073831366,20166.9607253024,25119.9438479488,25249.9942075274,7364.61845584816,6529.02539181852
"115",4019,0.0275821415212587,1050.79131850862,1050.78753277011,1050.79236953999,72.56700000002,71.803,77.08299999998,11,3,4,4,9498.11247485827,8585.79842781407,8721.72128061349,8076.95377291644,7715.77355297159,7553.57679614663,8007.16094116358,8226.86302415248,7647.85103624505,7129.86620153954,7326.77085172801,9698.89486594848,8639.30818289944,8050.59474681658,18187.3474989522,6384.13905981529,7428.12501037074,9204.76937154705,8530.70259249358,7573.10863632041,7886.24014304199,7297.977415526,8691.34766803514,8270.21772334507,6033.81963936965,6917.17626923735,7842.77922968756
