"metaboliteID","mz","mzmin","mzmax","rt","rtmin","rtmax","npeaks","QC","Unvaccinated","Vaccinated","Minipig_Pooled_QC1","Minipig_Pooled_QC2","Minipig_Pooled_QC3","Minipig_Pooled_QC4","Minipig_Pooled_QC5","Minipig_Pooled_QC6","Minipig_Pooled_QC7","Minipig_3273_12wks","Minipig_3273_30DPI","Minipig_4754_12wks","Minipig_4754_30DPI","Minipig_7488_12wks","Minipig_7488_30DPI","Minipig_7554_12wks","Minipig_7554_30DPI","Minipig_9739_12wks","Minipig_9739_30DPI","Minipig_1817_12wks","Minipig_1817_30DPI","Minipig_4515_12wks","Minipig_4515_30DPI","Minipig_5273_12wks","Minipig_5273_30DPI","Minipig_6059_12wks","Minipig_6059_30DPI","Minipig_9947_12wks","Minipig_9947_30DPI"
"7",76.0765675224023,76.0763143254906,76.077186771747,83.75100000002,82.35299999998,87.07200000002,27,7,10,10,475305.5249525,479669.304320343,485139.801770077,493245.708396028,462013.243981846,452548.633496517,471781.102109107,130900.930768188,1512602.67537737,106336.857011259,1432280.26947017,71824.3752691335,1125016.7250023,27531.5780817344,892818.875655157,64834.6995081699,1297354.12976739,112846.879326992,1156406.55562249,69436.5312599584,1109380.66583423,118293.235032123,1555235.13261135,57523.9742213085,1182120.32822099,48192.2163529551,1099798.55247057
"10",77.0796567175768,77.0793856339419,77.0801203796643,83.74800000002,82.35299999998,87.07200000002,17,7,5,5,14790.3238605194,15701.507261035,15457.231371254,15281.6663447824,13843.3694012187,14294.3449818004,14682.4437251004,4473.89110079175,45608.5091102648,3543.55080954383,42510.4618523792,2414.07754787552,33104.9877717706,759.215114247336,25569.6498683115,2037.61174197771,38318.4120314834,3571.58594022943,35606.6185952068,2223.90574958761,34041.5873009009,3958.45650739881,47254.0992784954,1820.53295640012,35979.4737400716,1483.16139261213,33610.0746535848
"11",77.9944957803747,77.9941782980889,77.9951723292076,62.56699999998,61.93000000002,64.417,27,7,10,10,46397.7582631054,42426.8107746317,45170.855504309,42832.1643127871,44195.7864726263,47543.3373083702,46645.4136917247,18333.2194179451,70329.2337368854,50988.130545207,71188.0192411525,30122.1930045023,41420.9050788402,22778.2286927241,62606.9540271522,26170.789233144,56423.3386974626,39567.0877778156,38977.3607276514,27330.2481649917,64013.9997052229,52170.7574740739,57021.7236783289,37961.5741450045,111723.300224406,25650.6232233082,50566.2496219625
"12",78.9944108592674,78.9938092399318,78.9951260408474,62.92349999999,62.49800000002,65.14400000002,8,0,3,5,7862.27066216611,6973.06917900778,7665.9048138239,6825.09088309812,7260.5437966629,7023.89962425649,6637.28606035331,3729.43762858427,10854.0716723982,7945.20312170136,10470.1596424272,6007.24456194383,6264.77510450757,4888.64062696298,9594.1137888861,5713.802923464,9034.75110651159,5831.70537220085,5906.42804673348,5484.44963799491,9383.90148747007,9146.49154035035,8235.25284121268,6455.7206931815,14913.0239700622,5740.35070792436,8240.23255990579
"63",91.0144872794446,91.0140636855258,91.0151060753693,62.564,61.273,64.417,27,7,10,10,36237.4182653759,33353.781806104,35797.8535741087,33412.2363673166,32988.6541328925,34554.9900734787,33659.9222791298,14648.8003259452,56044.6167589609,40499.6907664063,56108.210202029,22179.7712862466,29808.2988628581,17731.2866452788,47372.270079375,19350.9059045763,42620.1963121807,31367.9944919592,34339.725946875,21656.1364974199,48950.2142632875,44132.3701900215,44696.0657215577,29858.9809170044,87133.8066380441,20698.8466621226,38872.8600180176
"100",100.112283503751,100.112014914438,100.112825614428,415.88200000001,414.99000000002,416.167,26,7,9,10,475379.116847449,473388.21763001,469735.871578688,467825.787797138,501549.310858886,491393.247990723,490760.45486426,742983.441997953,303010.254896173,527318.110299317,260678.466133898,675430.956829216,320916.969936772,495079.351357234,180431.592605274,696780.775170472,391314.483419207,556157.915898772,272765.253703501,431957.26768053,257206.401765849,517803.2439064,272078.092570504,542784.967082127,334233.915262939,591965.15948515,266798.75243318
"107",101.115447155444,101.115084229682,101.115973090091,415.87,414.99000000002,416.127,25,7,9,9,32665.4671756897,33291.3763798022,32681.6286463033,33618.3857530024,35279.1846537252,34461.457713501,35068.9210834352,49315.0886858473,21885.3131453057,36682.5953151856,18167.996573505,44956.3381428083,22133.2962062002,33183.5216058584,13053.4159693656,47191.3800697555,26944.4005838283,38390.5649620528,19621.7908257054,30264.6186502932,18086.1749659846,34845.6144000232,19940.830204347,36946.7279079176,24037.4234707299,40091.3168710294,20633.0065889921
"137",110.008722170847,110.008440334442,110.00943341393,62.88999999998,61.93000000002,65.14400000002,27,7,10,10,175219.201479625,169110.257986259,171660.774289535,163975.763226013,166142.172478647,174715.902906878,173122.226778701,68451.6975941911,303818.36186648,202360.54182392,302756.809211042,110678.072719897,148411.138045774,79913.1234935249,250981.98696968,92345.3402689673,213291.954820495,152502.971178992,157901.832435276,108347.663796528,253779.285455414,215202.532439587,229533.691510775,145585.49614629,506245.404379049,96630.3584817952,191157.792781529
"141",111.009923363859,111.009530409916,111.010642740816,62.91299999998,61.93000000002,65.14400000002,27,7,10,10,28764.6409235937,27320.1315942794,26693.1937150418,26933.1926035761,27589.8495354868,27785.0701417194,28223.6509424581,11124.0814320475,51431.9011004482,33216.1453806472,47534.0405394919,18297.8660790762,23693.2266182556,13773.5123801604,41133.5314954299,14883.7832730786,35480.2086161152,24541.1574045077,26287.5135439093,16907.6548962333,42697.7340494046,36249.3337352991,37054.8032808913,24729.5018736892,79311.1016193407,14912.3992249437,30719.8478268806
"143",112.006665443959,112.006222842615,112.007216981151,62.91299999998,61.93000000002,65.14400000002,27,7,10,10,26097.3229422319,23514.0002311576,24047.0275222028,24029.9097141009,22588.2641318789,24490.3209530848,24629.473237922,10001.3732979581,41836.037315742,29033.4956938934,41918.2849221842,15150.8617298801,19529.5505142059,11473.1006493003,35028.7703648109,12562.7980025646,29771.0199513215,22008.4716519396,22863.6030391507,15620.504783251,35659.6212036984,30401.1672907055,32531.2946397985,20445.3797869189,70449.0558192581,12146.0254822978,28363.919855413
"145",112.050575355784,112.050312237827,112.051108049278,132.628,131.881,147.50899999998,27,7,10,10,57296.871515059,52148.3443794924,55788.0936447666,57110.9535117448,55854.4972494166,57438.6494801982,60858.2250266818,66003.7680554655,29564.4891181425,45340.1120004526,29455.0469771111,55076.6798937177,32696.4509602627,64482.4481586248,21097.3450696179,62020.2641715195,32378.1341704391,47910.1762919718,25593.7985057349,58053.7957508994,30304.0342997793,59853.3314308075,37238.7064653085,52669.5250645199,28622.8464667507,74293.2371098189,34388.2158628532
"157",114.987582338147,114.987256234511,114.988199894882,62.56699999998,61.273,64.417,27,7,10,10,66346.5608491387,61692.5427932453,61212.0515523674,58473.2707697357,58468.0221930898,60548.6658682288,60787.0201588765,26243.1335999481,101532.53832268,72379.3230912127,100360.519784037,41273.7478356734,52660.572352859,30184.7400699236,82032.9034602321,35625.311495163,75883.5072741737,56298.5121513755,58924.5980113036,40489.3311199278,87356.2454608538,77843.4904442875,81501.9608018796,53786.3643320963,155753.696547512,35431.6852599176,67355.6894387639
"375",134.080747479899,134.080271836655,134.081555909001,87.15050000002,85.667,87.885,26,7,9,10,28217.2032964905,27421.4092419966,25045.7555453501,26882.4603371992,25415.8558130281,25457.3736244479,27160.9408610018,36001.3374285195,25832.9431209754,35395.5123057257,23150.9179222742,28642.8744911696,20011.5234289328,30196.5463650054,7555.82266127741,32530.6961321766,23650.9323085981,30670.2067806727,24345.0658513017,27144.8257899191,20258.9363476104,33744.0764822113,20417.3538765566,27225.5487407218,22164.7955720964,32702.089819729,22270.23561527
"441",146.117135412808,146.11655734101,146.11827042352,86.50400000002,85.359,91.783,27,7,10,10,47353.3133968506,44704.1268490369,45380.7020301361,44609.3951569412,43437.6362440021,42863.1216202245,41662.834497608,65061.1822100627,27495.9159614068,37464.0452641307,23141.8863083784,74621.6695942281,43622.7887950236,39939.4738093157,26352.9643285717,51579.7073986755,27680.9676512608,66278.102085983,37553.486440049,56873.4710662025,28481.3281543772,60087.6272710402,38048.7229553881,51925.1352571105,24673.7365353833,65350.2008374481,29135.5818185883
"445",147.031327057773,147.029436495075,147.034913643224,160.403,157.07,161.53199999998,21,7,8,6,18902.7124385006,18759.6533952225,18424.915872392,19200.8144657783,16482.6576355351,19232.7245183771,16472.5572059049,10270.0309409917,16964.9773112062,15041.3925239746,12809.9429157049,8693.6519601516,20099.3165409435,12464.6204732999,13724.2102834145,14258.5680642293,20112.1307011662,9706.90587698453,11951.7969489353,14735.9013917766,27770.0486581494,14654.1880153537,23964.007687676,16033.4646286439,25645.2731748999,9619.39390766238,18892.8720003051
"453",147.120624270032,147.120167223813,147.121108216531,415.88200000001,414.99000000002,416.167,26,7,9,10,75451.6213315098,72116.4301878822,76450.4102649507,76162.503930175,72466.4851395348,75546.4894451628,74956.8967708376,131797.628135082,35412.1249032106,89234.2436836816,29597.7014283266,102099.277844156,34866.8612532335,76123.0308682665,6040.29974488338,117879.739148754,55654.888223049,94914.7883899782,29210.3452480609,69015.9870213998,27011.8208929928,86645.6726514467,31937.273830511,91373.8354670855,46993.821605836,97412.3467726728,27313.3522832984
"480",151.144161929408,151.143763872108,151.144809546945,83.48899999998,82.35299999998,86.285,17,7,5,5,90497.3238841792,89648.9944968142,91103.3657669385,94015.6461684929,86856.3410435675,83333.238128773,88666.3194667488,4307.8756767789,583062.325186735,5723.06405569506,510380.641296453,2328.18023417867,386854.594261353,1988.59998068159,303105.817966789,2854.7317521534,454616.833753041,6285.49646938831,406060.574236557,2966.82785969988,359186.225169545,5490.08950509423,604477.535377869,1957.17682183931,421585.815912231,817.569236485251,362432.654614302
"486",152.147027385283,152.146703415741,152.147605235037,83.38999999999,82.35299999998,86.285,10,0,5,5,8106.57747283859,7813.00361911417,7222.04446019045,7757.98722175658,7294.45173713209,8813.15744194994,8612.66996846168,1432.37196376838,35311.6709768463,2129.64588237199,32506.9674565615,221.591152750739,24821.4615333419,1096.05270636125,19756.4398150344,1160.48025185314,30080.4141305096,2215.30274632781,26056.2185162492,1452.56406381631,23022.6570541535,1046.37915572214,37660.3844855136,317.762711655095,27283.0339974144,811.316635993733,24316.6635229947
"528",159.076275020365,159.075534360958,159.07709329438,83.15849999999,81.69600000002,83.62400000002,26,7,9,10,14358.2446701965,14822.701295759,15302.6922401962,16062.2973817577,15632.6534631043,16092.5243318017,14426.4544070173,14535.2716289343,10490.769134222,14308.1906643906,7929.57758103483,15514.9575192261,11985.5958178975,16180.3083473518,1618.66961559257,25077.1026488466,10228.2258391173,13848.7354954576,9675.18588115505,21452.3401698614,6372.30091397093,21653.5085139022,8266.59650337777,24603.6789273798,10255.2138704224,16893.7428596906,9937.67170903106
"542",160.994815435745,160.993565607396,160.996082973556,62.564,61.273,64.417,25,7,8,10,17308.9458603121,16569.8133931621,16851.6738305212,14888.5341696467,14354.016226681,15275.0763064555,15614.5584432847,7091.09573113101,26604.3789103681,19135.781997021,26907.5851723064,10654.9841950733,14139.4821548294,8073.24136368358,22336.3012860451,9489.13563290862,19703.4755109915,14393.2420457764,15881.2863809919,11371.1525348075,24528.718908264,20515.1268032384,22062.6872344351,14351.0081606649,41013.2145590495,7949.80977749023,17129.7317219388
"570",168.0289352971,168.028829559606,168.02977666072,121.16299999998,119.839,134.652,9,5,3,1,23603.530495623,15142.536434048,15715.394192651,23202.0668725712,22569.5788866132,24353.0954542149,23904.6870932331,13202.3926551255,10355.049290209,20595.4780651165,10632.7118105067,21692.2072104401,10413.9029623647,16405.9412863287,0,24017.1910816645,9725.75123693016,18035.7629823005,9455.26515314511,17190.4337663676,7928.88545380634,20279.6239761869,7304.43782997624,14002.5097032164,9718.80295822372,16547.1280641641,7595.64405626089
"604",175.022500212571,175.021138864944,175.02418425754,160.74399999998,153.62299999998,162.604,21,7,8,6,17007.919416448,20553.9259829288,17871.1487103783,19023.1032363025,14797.6146961836,17403.2473241272,19144.086861112,11141.3598020418,17452.7589171527,17058.4386166471,15150.6151901716,9487.54757042052,18366.8659128721,14119.9898288828,14092.8563604166,9811.2419666992,19072.0920674738,11678.2309379665,10715.2973694485,11431.290319603,25492.0895128146,14113.3810614099,23465.3827403534,14102.7756571416,21320.2089134275,11273.1504433213,18898.841832962
"656",187.057792604533,187.057186026867,187.058773710937,89.86399999999,88.72300000002,90.57499999998,26,7,9,10,28791.6578072451,29025.7961694609,30997.7450725787,28302.533276474,28551.3034714635,28938.2341396054,27401.8026155278,45996.731783014,20026.0068163303,25956.2792269761,12625.7296784252,50257.81838682,30285.9198732519,21004.5385687083,3038.29713814386,38581.8405983244,23945.7012545574,38492.9967866604,22315.8858351212,23833.3973340913,9351.57703597109,23966.1474317339,8481.10147192092,35905.6284786919,19307.0369209242,46988.5957076483,20992.2880127444
"663",189.078457189519,189.078098530975,189.079102457323,932.74799999999,932.12100000002,933.41,10,0,4,6,5527.54632431623,5054.73751398828,5691.3380360802,6583.02287893882,5157.87331122346,4881.56754449592,5224.8967809286,2051.08162665591,11119.8973221923,2184.32082311958,13268.8051040164,1432.82101854415,11130.1504592448,3323.496844955,4507.51296930562,2551.36475998362,9133.14574824973,3230.22549193702,8478.54609421687,1792.89410856155,13767.1303246129,8778.86258486289,15072.0211165537,1684.44913466647,19595.2758978098,1853.08700654469,8676.13613554073
"687",193.154987373235,193.154356694744,193.155730457915,83.74800000002,82.35299999998,87.07200000002,27,7,10,10,630229.423086955,630813.020317402,626805.946718281,620483.681657868,588785.093903585,586709.342820236,594849.229738053,134727.64010576,888553.36497017,215718.385871404,857525.520854673,113001.141280884,1020625.6719254,52226.0580727218,473608.916876376,132255.89979925,1034182.41909158,149767.984157811,1080404.32979035,128397.370169317,1455583.01338584,198480.67006327,1114451.17521602,95419.0968326614,960402.946250616,52027.7298925245,1099215.65193596
"690",194.157900323225,194.157377183395,194.158727427285,83.74800000002,82.35299999998,87.07200000002,25,7,9,9,50629.6211807721,49931.6826604272,48418.6017435525,48889.4416948929,46266.3972632114,48047.7065970642,48179.3696722497,12473.4820910586,70587.7478323161,18767.8529696503,66596.3445352459,10305.8410294613,78157.5033790331,5290.09613777587,37074.7211397583,11644.0626780211,83039.6037986747,13344.9968958218,84607.4753551026,11747.1894697349,112394.52857597,18094.4537385119,89889.2819683135,9622.32172257845,75341.8487872872,4968.870506946,84422.2304628912
"694",195.137824263709,195.137020888354,195.138509598308,902.55900000002,901.449,946.12000000002,23,7,6,5,53706.9227235712,52562.2490128941,53634.103689669,50650.0202208734,52014.4509647991,49681.5735312216,49260.3978368217,51046.6423820468,11045.0004406878,63848.6878219043,7263.11801825961,49412.4244967074,8892.50440814403,52209.2931049862,2498.47593312751,57493.6908626124,8593.18754714744,55938.759834732,10331.7285093872,47751.7284632685,7338.31565804942,65181.1163721448,7056.46523405984,59527.9841334306,6841.86949150252,54081.7876976752,7441.16854647417
"695",195.159687713073,195.159330234826,195.160485733818,83.38999999999,82.35299999998,84.01000000002,8,0,3,5,5404.86554045002,5818.40474981897,5436.55424831582,5567.00177881284,5042.66664653029,4646.19805109547,5308.17153430874,1471.10212868211,7184.64274042121,2173.48019191716,7069.61112813301,1006.22214646765,8557.19781409525,481.604602444295,3206.61348093492,1057.05334636532,8804.58067734375,1384.56808794507,8776.57031233353,1413.31294809235,11962.3659788132,1915.31823096869,9153.25555610402,597.834686370287,7839.10945986418,171.054036837118,9099.46181567105
"705",197.12847357072,197.127724152094,197.12921970427,466.664,465.98299999998,466.68200000002,26,7,9,10,40007.8465793321,34980.6575669368,36664.7585087329,36916.7669850764,37964.0558115023,37845.9905878985,37392.7972382628,27926.8697944711,21247.0858865897,52803.0938195085,28538.0856307566,36602.5348265566,28955.7875341846,34942.5958152632,6638.99396967137,37613.7579224447,22751.4704751764,34342.9481766856,20414.6062893517,29365.5781308183,16637.9395395141,38304.0601867459,23072.686865503,30656.4416949674,19944.4000901935,54317.8607447286,26954.0710323096
"838",223.169182299001,223.168933360119,223.169952387666,1038.8995,1037.18599999998,1041.66,20,7,7,6,17110.4102411519,17147.9117049719,17239.1846158702,15358.3087694816,16220.0674276258,16220.9881934336,16183.0314260506,34673.2715981767,14915.3020948491,20268.3453470155,7280.70493242145,22997.7483298284,8555.39461963014,20455.8582852203,2951.09168865175,28180.1832802835,10908.899302118,28472.7042766737,10567.1732171549,20566.5167825208,7242.08296407263,22560.7452523808,7292.23176779063,22317.9807526399,9090.73267519409,31667.5050805163,8896.3727226463
"857",228.097826108913,228.097254745693,228.098708251437,132.631,131.92599999998,148.596,27,7,10,10,19234.6356033655,17489.6205745127,18655.9733308455,18112.2435607117,17494.7800392155,18286.8152265518,18248.1642635864,25126.8157867611,10431.0374693715,17444.1098174812,10360.673428199,17446.1189428801,10825.4075554587,17018.9291652933,7381.50775992653,17515.1606001525,10481.0484666763,17120.2107048501,9405.99083509824,18560.4441957187,10823.5551067063,19533.0906287518,13538.3419507482,17877.2707901823,9874.98152374184,25778.5311372462,11754.7055017115
"905",241.179747003915,241.178946005011,241.180788194865,874.932,856.243,886.67100000002,26,7,3,4,10035.6818060299,10231.4468481287,9568.11445280768,9932.62562530959,9876.48572639205,9575.67570652608,9084.7262499024,6312.60280151857,789.714129447239,11762.0621573799,160.169977565762,4391.56817390712,146.069676955114,12638.8610184862,0,9784.95565017221,0,5537.47818220936,0,10035.2746056951,343.378248443361,8801.12301048158,0,9153.44948741007,589.708217902109,11781.0503546997,329.655241827974
"914",244.092927949939,244.09247786776,244.094117126362,132.628,131.881,146.41200000002,27,7,10,10,57767.9120447648,53809.1600501926,58593.7180381042,56737.1672790042,57420.8844549699,56016.1230131684,60148.8286764495,53966.3609900711,27027.6570483136,38874.9806491724,27074.2473363005,54975.3513595073,32994.7512175779,68454.5994130637,14574.7858892841,65702.3456933234,32436.8725480362,44206.308278113,22688.2012390956,57674.9268080624,30490.5280958201,58832.3923731848,34202.7136146823,54879.1884184772,26966.8852999878,61631.5057081505,27929.1927722931
"915",244.091511105156,244.090558301372,244.092814615699,90.57299999998,89.728,91.87500000002,11,2,4,5,13085.1057740341,14119.6026384946,12709.8937645886,12605.2096208292,12797.3676948323,13443.3337386194,12275.8240192001,12719.5052711027,6370.07334918741,9551.14122930228,7044.16320600314,12751.0417492569,8026.30936794467,15822.7593885928,1460.99169420109,15346.8832380226,8111.4932066049,9852.72323563327,5632.63496762817,14324.9130504685,8420.89989690606,12780.7351973136,7341.47175330505,11788.1138728809,6377.84806867994,12012.8569961731,7380.69241913318
"948",249.155914284063,249.155491676876,249.156858637709,86.50400000002,85.359,91.783,27,7,10,10,192953.296010274,189631.577123601,174699.354097918,174341.062355021,165307.091470124,168232.668310394,177078.812621891,271601.425305428,220814.240104826,237550.830443152,182184.621544991,193985.836917898,146831.875087805,213801.794585657,155400.905776558,183779.337940938,149159.87958523,235524.185253721,231305.730769261,203356.135984931,144396.691333139,225472.618645572,143818.589840813,208422.324742288,143430.252441223,186590.078609711,160533.266098469
"979",258.108797619354,258.107978712733,258.109566207596,204.622,195.96700000002,206.60499999998,23,7,8,8,41687.6131915176,40364.4924693069,39223.736074414,41823.0634043822,40563.4952980876,39279.8555761387,40351.2578590272,45936.0293499756,19059.5114970674,61487.6786764268,26583.2006545063,38523.7456165145,25543.2487896031,54595.745020112,0,68158.840510697,24937.8921274407,32874.760313336,19996.8722271101,55495.2940422632,25819.9455841015,64515.7967822763,25322.2494765681,66420.8104815644,14866.7754196215,45667.9233981099,20663.8505827377
"1018",266.074970191416,266.073950960056,266.076535970337,90.46099999998,89.79199999998,91.20900000002,15,7,4,4,10223.824906771,9686.84929046632,9347.01745518078,9464.29879226899,9694.92470587387,9203.30861335062,9218.37482154155,9384.84213047373,4750.46779706397,6341.03541910315,4815.05603216793,8713.33618258668,6068.20692760519,8549.14259836371,0,12311.965003241,5514.11819926769,7570.26757997263,3962.70083797336,10375.8596821381,5920.52206611633,10030.9775968991,5148.94611025527,7759.71721310495,4438.2060915528,9888.86337266401,5006.84062816596
"1042",270.170048816343,270.169535978662,270.170679302376,802.08999999998,801.496,802.77299999998,23,7,8,8,16096.6783271435,15363.2783572797,15317.4008417233,15383.6840113893,15286.5505583228,14842.7023774838,14310.8527419302,17389.9408343751,9759.86631155378,21124.7008079143,10082.7511995278,15798.5359471191,9178.84377070747,13953.8107422763,1889.50378897733,13097.6443319324,5739.28823928748,21598.5811874251,7875.39159666188,12456.1853247855,8052.37684054839,17866.1703996217,7525.61901121437,15325.4843956847,9924.82249011335,14104.22906815,6598.14860094232
"1059",274.655731045454,274.65516447713,274.656079156191,1397.58500000002,1395.97799999998,1398.064,9,2,3,4,10523.2288129958,8958.8658241814,6208.39096902938,7273.38729342622,7936.14332036429,3985.34119059459,6799.56283953629,4060.96036545932,11959.4274688351,6169.91544520855,15308.5897421682,2875.2800131647,6342.81137709878,6930.00916061697,25946.7297817165,4555.34571755226,7614.02074586384,6601.59232013673,16181.7064660004,6967.79645877861,17853.879916965,7129.55500799417,10115.7793190798,6847.4390692507,16638.5848365366,2263.67144818526,4385.63338551474
"1070",277.215792499359,277.213817826264,277.216836870616,1310.219,1309.50699999998,1311.55300000002,26,7,9,10,43963.5500326978,43872.8817362167,43841.1998366959,42843.2626191805,45678.4426964774,42011.3180422298,46028.5626329111,43809.9317125141,15401.8482660957,49083.5905880831,17003.1408701713,50309.3484345368,19702.6468130483,51820.6713391021,6933.89935336355,65975.9541104806,14624.7226549139,41859.4667631721,15164.0789683289,47339.3812853534,12869.953745407,68932.0466109889,17077.8730139894,35236.689612824,15335.3797853226,70876.4247740548,18991.6648728253
"1075",278.219110286047,278.218310363145,278.219782901312,1310.217,1309.54599999998,1310.847,13,4,5,4,8660.10179121109,8141.62752868177,8546.47650744352,8533.52169132758,7843.631671453,7930.49525128568,8655.19727063381,8281.96276494578,2657.81689211612,9021.86058379376,2497.13918509376,10071.7045112775,3506.77791731122,9878.14278506496,1227.21230111085,12871.2691992229,3076.87427322059,8076.88265579419,2476.81011756261,9710.59642748116,2454.82290187499,12944.589519163,2610.51542452619,6750.6825885901,2573.64377650536,13157.6852634982,3333.6329868529
"1080",279.191642370328,279.190673119383,279.192764972155,83.83200000001,82.67099999998,84.55000000002,20,7,6,7,13320.0751848943,13538.8510520242,13806.2056238625,13829.0776828558,12901.5907948858,12822.9572253695,13416.5873173248,21366.4617221624,6539.46786764351,13295.207504453,5430.65104866889,15937.4591690666,9862.57930107469,12557.1671162692,6146.19522041327,16622.2587799072,6229.26257810576,16396.1600015259,6162.26971166371,19097.5256702646,5937.76386267943,18245.5414830156,8644.377228995,18710.7879644402,7300.68595824838,20936.4310627076,8168.60740682221
"1084",279.231132441653,279.230652252917,279.231671418528,1244.924,1244.86499999998,1257.347,7,3,3,1,17291.8539695791,13422.9018414231,15872.2248637237,15265.7590247765,16686.466702094,16979.8587931263,17222.3971160924,8898.71702635503,3767.49771575443,19364.655732621,2225.24368048846,20463.1585010496,3446.61832307809,18898.1936725507,0,17938.4804671898,4321.83298030347,11646.1537550296,2207.71771862367,11805.0031806643,1545.48152846385,15785.9386651184,2730.32513581355,14520.8345032909,2395.31089449454,17401.3455987025,3254.8202224902
"1109",283.007599733555,283.00679232759,283.00871079038,659.38849999999,659.121,660.192,26,7,9,10,22671.6041945922,21440.2883016106,21771.005221556,20598.925764746,21427.3172634109,20466.7166616111,20297.7175859374,26448.9510075282,12741.1925683418,21922.4867441516,12965.7509682482,16935.0330081709,13523.8380829639,14264.4460393437,2082.94820207329,24227.4471511415,13286.4252732454,20700.8018077189,12699.8161144761,16794.6558773279,11892.2991720621,17482.5591129692,10650.6482172814,20066.5065702327,11764.9937050919,26425.4475040413,16016.1116903016
"1121",285.00578412676,285.005009608108,285.007005619276,659.3865,658.658,660.192,26,7,9,10,21765.8647663084,20921.2304270405,20743.47147312,20450.970383685,21387.9862755983,20296.3067886627,20524.3323127862,25274.0189216063,13010.0466174194,21826.8924596923,12877.7029570578,15964.5614214987,13879.1013917865,12770.6114060442,2201.4085559571,24063.7282668581,12451.0081739212,20657.0908582409,12052.5259759827,16242.0792303303,11864.0544404242,17241.3660260513,10326.4509030076,19790.6914016811,11164.6194959181,25757.6288001388,14966.7069594254
"1157",293.115825738099,293.114721422005,293.116834719719,903.33999999999,902.46299999998,907.78800000002,16,6,5,5,12825.5034190218,10496.5528397801,11103.205153656,10664.0216623229,10796.2809717581,11596.0424581354,10368.8625567116,26407.9461820678,4367.17100895471,12477.6066597123,1089.75946680456,23553.1576360489,3710.96849256412,12775.1558209881,149.944649721141,14620.9232469434,3209.7095795162,25883.1269975247,4314.63082324891,12705.9280195272,2228.53764275124,12833.0211811536,1780.38974641683,13486.144396203,1226.44529584485,26373.9672367644,1665.64532732791
"1187",297.242528224434,297.241923487143,297.243185855339,1245.62199999999,1243.53499999998,1258.23099999998,16,7,5,4,29595.6591908862,28050.8338698099,27295.2086424704,26613.5750863048,28182.4484988163,26981.8282236244,27947.6644533578,22053.5700162684,8365.82129978227,30254.8708068272,6315.44436953822,18954.8206710627,7372.60076394527,20350.4018173828,450.288800870561,30801.9177706342,9029.49193661667,19758.7059702658,5154.58869124834,15398.2843776978,5056.93642382051,26728.4277676773,6932.52281719762,23719.4544100468,6491.88379492632,28359.8594888306,7438.84299343209
"1217",304.155700383148,304.155269480415,304.155844542994,1398.064,1395.97799999998,1398.25199999998,7,0,3,4,9395.83462347818,8137.84577574445,7745.20941809104,7505.27844680065,7078.035522451,4632.21915616967,6022.83582271387,3055.88762446209,11233.326476149,6226.84394314326,13348.9320716522,2763.02930936244,5370.84940789124,6307.90779316925,21847.3500462697,3730.5897807208,6160.08584627712,6611.23541826035,15486.4040019318,5765.87836943685,15462.2514375691,7713.84093000808,10151.1301582351,4858.2287056474,15593.8718359525,1368.12426309509,4166.77696085189
"1221",305.085536325047,305.084491610607,305.086741538644,381.09149999998,378.65299999998,382.65100000002,14,3,6,5,9940.58449759935,9380.86788942722,9341.0817738174,7981.72221283714,9345.6840837687,8670.61258747378,9045.02608874819,18305.3353921808,9492.43067742639,16775.0721778426,11234.8094009922,11882.1502252019,9614.20848866659,16332.7961880849,749.331265338642,19250.9111444284,10528.4718680741,15985.1750779229,8823.66704766789,15956.0082381787,11256.1028918019,16253.5777088089,8812.33152762978,13729.6650490432,9705.12250618486,16227.1096776997,9938.3831713719
"1229",307.191946868059,307.190880078126,307.193178384104,1328.21950000001,1327.54599999998,1329.34799999998,14,4,5,5,7453.62576828061,7435.64247312363,7289.22889620604,7228.30465105461,7539.88273421451,6861.88768735443,7517.87774192107,16731.4519953799,2368.0695634596,11289.5310885194,2152.77356928339,13063.3989030596,2830.37416342036,9816.6681939104,0,12896.2244217562,3391.36383285777,14364.2557023141,2267.78415426984,10329.1763142198,2529.70753789896,12514.0397478975,2705.98744491814,12349.4233386092,2675.51248944364,20138.9049045986,3115.78857091069
"1244",311.126335260177,311.124952198471,311.126750891944,903.23900000002,902.115,907.111,17,7,5,5,18965.6691864966,17095.731989192,17163.0905213474,17074.8044488046,16615.4073176035,17782.1693595676,17160.3009579923,42037.7353430515,6870.50708094751,19662.0250053622,2749.98745008088,36438.4579266356,5862.38819760567,19684.5013057652,1064.52550404735,22376.6874188994,4594.7964362254,41520.6496393918,6735.69269238764,19186.7333635946,3271.41870445949,19617.1369251109,3330.51475372648,21598.9523518224,2709.99753762917,41244.4586637737,3118.50078469701
"1347",338.087079641981,338.086156595794,338.088883558816,375.31100000002,374.552,381.81100000002,17,7,5,5,13412.7820194635,12083.3449984361,13562.1235270244,13609.2278319024,13463.259660053,14092.4094144528,13756.2066531788,0,29477.1035994796,4779.9175957231,34219.3589295776,810.36777693864,24317.4988853195,3230.56072558777,14598.6995639124,2167.0703694022,54620.9983195356,628.066596412808,32957.3775018745,1604.6789245344,57449.6292835099,150.934120910242,53247.8121489449,3966.95833375871,57463.373844995,0,32513.2399936171
"1348",338.087203095756,338.086366464991,338.087854345462,342.62399999998,339.96299999998,345.304,9,0,4,5,7907.75870139711,7610.62642816277,6855.89724043243,6169.46284699702,7026.55778299789,7557.67887024474,6303.45666376418,0,17741.8744417237,159.570242957622,21352.512275211,126.118142274771,17980.9344400803,0,429.556716415452,0,36878.5608534117,0,21501.8139739977,0,32617.6189389148,0,30055.2640074938,134.668310546875,33105.0923480689,0,22874.8654026127
"1353",339.090596710881,339.09005483725,339.091780802092,556.66699999998,555.52299999998,558.121,12,2,5,5,7027.98132530899,6414.33913115179,6241.53021309425,6720.79220781805,6855.50434344541,6936.36460622054,6761.76103217486,0,17454.9198501734,326.530979496094,29596.8070326194,0,15366.1390307269,11492.0651547758,5003.34793471756,134.856063327087,26094.2058738411,0,13625.3499285278,0,32291.7839423245,0,27792.7826910161,173.178311378828,21362.9051149634,0,18430.5449300172
"1356",339.157088001612,339.155849493721,339.158762887777,1038.80200000001,1037.18599999998,1041.66,16,6,5,5,11077.0725995493,10613.7169093092,9595.44946272128,9952.55860502186,10090.1871214439,10067.0528243373,9412.40479434111,24870.8090827209,9057.83572949469,11982.0666740694,4565.7548163275,14800.2566074091,5672.78489981592,12402.7508784333,1424.48517418721,18312.7430458412,7218.90949389186,20388.8228070695,6525.818811626,12851.4820543423,4613.43240515583,13815.3602817275,4748.09882090495,14505.9489253936,6075.04839329286,21314.0868448542,5279.27648682156
"1414",360.069315603501,360.068637406036,360.069611511502,556.235,556.02700000002,557.35,9,0,4,5,5002.11048066602,5195.22040310445,5448.71543096751,4603.18321353476,5728.33678377885,5616.40574995628,5319.68501651819,0,14484.1056229797,0,22215.5735389659,0,11332.795372103,7328.75742727619,4274.30458336749,0,19875.3158887585,0,10763.8138054628,0,24022.2337956314,0,16057.44313609,0,15491.5908336958,0,14915.7664312866
"1634",415.212106299214,415.211507015576,415.214964936071,1244.86399999999,1243.96199999998,1244.98399999998,20,7,8,5,79871.8658721365,77534.0296213103,70943.3500102721,68017.1765315913,73658.6118208664,67815.0451314332,67994.5555410062,21754.5636081696,83293.8933980251,5761.45558962943,66899.8625496885,33985.4217318089,53125.5094624732,7434.64405072273,59427.2824506154,5081.07537279135,102523.933869052,22901.1933599406,36875.9032182635,3185.86209443971,92135.5453545715,6829.24467362277,94290.4853663635,4701.31307616168,53726.4569675719,19233.960821889,44474.4722443902
"1640",416.216155882732,416.215717624987,416.216940480225,1244.90150000001,1243.96199999998,1245.561,12,7,4,1,21097.2457126581,20675.2858817713,18350.2663856345,18140.9506490796,19828.2691363185,18090.9615826539,18076.9912119196,5477.23782668494,19838.7564051696,1190.05958518612,15905.0574785655,9932.55541518996,14609.9199167552,2172.46559041034,17276.828752719,1563.28165599537,24738.0232370564,5202.75810971311,11609.8664167305,610.81779914041,25271.2505721308,1875.01224560111,22467.4684865177,1094.08649980397,14370.1288182642,4532.29169765744,13439.9254426124
"1713",432.241150150804,432.239782531618,432.242227818331,1244.865,1243.96199999998,1245.53300000002,21,7,7,7,45668.4629380107,33505.6210367922,35116.2422529188,31142.2768655674,38453.4888992659,31757.1204284115,34805.6121107934,10939.7627530052,22738.3374483783,0,18246.6941005797,13875.9563643501,16492.6749335264,0,26793.8029877939,0,21139.5339793813,10141.2366530458,8094.49808830936,0,43116.841310714,3470.27790953881,16401.3598570318,0,17722.9804188566,5616.75865646859,10655.6008076877
"1721",433.243658581166,433.242885903733,433.244655311721,1244.92600000002,1244.699,1245.561,7,6,0,1,12112.0826259406,9409.40461669897,10114.606215782,9324.88901404646,10530.6553565759,9418.69818191335,9043.46178005703,2747.68276578188,6389.88509215279,694.003354704515,5532.09883236648,4377.6063870896,3892.14301947691,277.067655320594,6821.10416056148,407.500643721697,4806.05754109269,2877.08191045001,1616.07855308869,0,11357.4426386983,1104.47415727241,5221.59328605099,379.30509412966,4971.80468201886,1815.32989806411,3277.35486158949
"1745",437.193998457451,437.193259127031,437.195337312809,1244.90150000001,1243.96199999998,1245.59299999998,26,7,10,9,90512.9351191141,88342.187843404,87690.5687470825,83292.5648963485,90742.1956994722,67819.55525434,86901.4137669768,34977.3130839487,93956.4346616296,10116.9139896968,83796.3769087096,50330.1542594616,82568.8905423732,9385.9642726549,82825.0568523133,9800.63124808045,110285.511930561,32925.2676700207,57363.7276742122,5434.84735903475,115657.459032434,11012.1674735973,120293.788892461,7904.13578166959,69208.4639517565,30715.6132682059,74052.9382974852
"1754",438.197901143103,438.196548129841,438.198985806823,1244.86200000001,1243.96199999998,1245.59299999998,14,7,5,2,23730.7050523752,22830.2379250581,22476.4760660459,21925.2659623651,23881.5411002687,18564.6113353618,23438.896003616,9013.02901638743,25415.0647657846,2270.56025835251,25077.0437667638,13585.1144319721,22466.5567946379,2562.97886849694,21711.0156378201,2699.64276190889,27335.1578316904,8537.35612534359,14664.6010390379,1215.51941866662,30771.9898737266,3024.23008349952,25845.2823587143,2069.86430911485,18309.8750917451,8251.43697410008,18183.9026600056
"1850",453.167959917599,453.167056142866,453.168659934881,1244.90150000001,1243.96199999998,1245.651,18,7,6,5,25493.8865275937,23471.8491381683,22322.1478919569,21265.1055033857,21171.5613428079,17126.2015008057,23148.8159112968,7449.62369941771,26215.6668394504,2090.89696625907,21352.8509334753,10699.6209409187,20539.4873640462,2133.81589234455,26757.8500055675,2016.52103856392,21485.2620156203,8026.99263141562,16039.713498785,1413.65500510007,30114.541031629,1938.89806689262,23796.9190001693,1988.23229098535,16812.4849570907,4631.85343648195,20439.0771679232
"1853",453.356236248012,453.355174000526,453.357570828642,1504.928,1504.14899999998,1505.29500000002,11,3,3,5,13448.5058325408,13894.9460555067,13780.8799085233,12875.5673399183,11893.7373435822,4999.97097033568,10439.7194059194,20619.5037399604,10718.3003952874,13525.4414944063,8391.02929552189,14965.6715892706,10473.8879002398,11772.8241183051,2065.75916062467,10590.4093266748,7938.28841425699,15332.6923277865,9133.4654899808,16476.044855735,9198.3656740844,15071.8532559773,7497.21181622955,15662.5588947763,10756.985401326,22600.9044789185,9283.56780843023
"1921",465.32182920957,465.320756758993,465.32314210267,1426.90699999999,1426.03400000002,1427.61199999998,16,5,5,6,21251.5850300336,20012.5948008816,17994.5693042263,25141.0261211983,18379.040507013,13773.958564823,17583.8180098678,24206.7578222152,9800.78907537913,29747.2741027162,10923.3455863622,22261.4922899038,9218.7794783361,23478.5709834114,3445.32832270222,23964.0114077351,11584.3022402624,20657.7134641297,8861.40190207517,33275.474545066,12705.9076926692,26880.7853400864,12710.9311609364,27531.2607857635,13512.5329600222,28792.9212079083,9362.77822745498
"1938",468.310075080463,468.308719588189,468.312717013278,1390.23700000002,1388.93299999998,1390.90700000002,21,7,7,7,18722.7538179014,22087.4146371442,17570.9090483367,17227.2947044998,15238.5114201514,10379.1793437778,14165.656875401,10629.613097198,31031.3841062688,9272.10489508235,37969.6924431286,9832.77195931733,18061.9838959491,14392.1657951368,64437.5957373223,8527.55355220404,21913.3113180082,12758.9990841629,49745.0185957052,9345.09762244329,34761.6339007935,12721.6025282413,30105.1036673442,10090.4472037185,32516.4180542661,8622.34511005282,20212.0452081475
"2107",493.978759036367,493.977249220869,493.980081590777,504.1655,503.87800000002,505.18200000002,26,7,9,10,44311.9064456026,43721.1028606828,42639.9453271762,39836.0126053316,41659.1712610186,40890.7430290809,40415.2047222577,46088.6922547421,16048.389608538,43535.8269665516,13207.1243866882,36490.5454115825,19607.5683993509,42767.8872629375,2431.37747319552,37323.2844682321,12281.881681622,57294.5618166627,27411.2134796466,54055.7012783757,24511.8944335146,40689.52826726,12663.807173631,34600.9061980952,18963.8709952881,66447.5396782128,21428.6078623111
"2108",494.229491662257,494.228361552108,494.230805268712,504.52599999999,503.87800000002,505.18200000002,26,7,9,10,45441.776961656,44027.6955430819,42111.0956551185,41005.7708397915,42905.4845322688,41911.2777926078,41347.6153324662,50279.3923988348,17551.5502033128,46601.4346782245,14426.8325655329,38746.0554892852,19655.0044837671,44988.6562369335,2448.16668736751,37056.8987296802,12425.9436151246,57323.5368022381,28008.4996750795,54136.7068699423,23834.6959015711,41876.2322789038,12150.6317888672,32985.8769072258,19368.0752257794,67211.3924103614,21967.0658541627
"2111",494.480104458325,494.478764452595,494.481112498179,504.55499999998,503.89300000002,504.73599999998,23,7,7,9,26070.8387740307,26461.5842626496,25669.3629689087,24052.3262454148,23934.7639932411,24890.3247958807,23629.9734220703,26854.9831930521,10538.551760376,26149.1009653068,7930.26908381723,22067.5541937715,11263.0198796365,24327.2369535746,1228.61411804426,21846.0989827711,7251.12933469769,33498.7350008745,17039.0660571595,31185.8885074639,14309.443505831,23643.2057761232,7236.72910418113,20806.5804872559,10503.1429211434,38796.3635461709,12412.0000294918
"2112",494.731120636403,494.727828501629,494.732542161019,504.55499999998,503.89300000002,505.18200000002,17,7,5,5,10765.110200409,10312.5004780624,11224.3697470343,10001.2581124072,10446.4304594142,9765.47116351982,9331.26725546262,11305.1581286843,4089.10896622236,10438.6363098335,3431.05049813748,9712.32537539688,4703.45614578916,10510.906570227,152.906833189307,9369.231361936,3117.61265916439,13823.7863805421,6896.78998553792,12826.1780127934,6341.98776124045,9928.00708527497,2721.81065712993,7953.2013857722,4679.25214081382,16032.8368059604,5326.8091935936
"2216",510.356637283663,510.355537033679,510.358046409472,1397.49599999999,1375.45,1398.25199999998,48,7,10,10,1412001.74301609,1311641.86734999,1446780.52175834,1078379.11390299,1002558.81617374,857562.727840261,1035481.51082716,618236.048159301,2041216.79154042,880047.948706316,2499189.62936525,446268.847390112,627658.132150099,989224.499360891,4150579.05580144,586952.83092821,1044589.97561109,985798.646680764,2763544.86900293,724330.696292193,2441430.64323266,919160.782963043,1501312.49407456,674614.245731324,2843270.22968131,333296.670665876,553485.504760297
"2229",512.361467837493,512.36038183941,512.362784661014,1397.571,1375.45,1398.25199999998,32,7,10,10,67087.8685319448,62041.9915250162,87406.1203606066,87394.9188137352,48798.2746397803,41655.7671307524,44185.9122406704,28714.882739484,93179.3506151415,43861.7939950409,108627.184886546,29219.2036963432,31808.1659348605,45962.197717744,172794.686526262,31804.4351005944,51138.1967444187,48928.7594968392,122116.22327655,37783.1608290952,105728.5384114,46371.2247089721,71261.1433672763,38006.3298497315,121838.715393341,18987.2892609802,32014.7710347769
"3010",637.305160545308,637.301085365742,637.307478038123,1551.01099999998,1550.27,1551.65200000002,27,7,10,10,117939.604435978,109001.143281755,103408.700408124,89207.2131441172,102735.131968257,49211.0864244391,92030.3697670472,20323.3842181675,255163.980799615,15343.0996639711,210991.222298204,17010.5494334564,175467.966213717,12594.6601616427,431304.502559709,6645.42239985226,225632.599931119,19686.0107674645,241378.095067745,13775.282520821,280073.743666695,14163.4949926791,314782.464231291,9178.6511238443,228508.388962492,11248.7211948685,180166.546680996
"3021",638.308528602063,638.30418937775,638.310274423635,1551.142,1550.27,1551.62299999998,17,7,6,4,40465.8062358966,39528.3765920308,37254.9947353146,33750.7822499554,37090.0313969839,18295.8073892262,33463.0944747279,8756.17275934888,86751.4278499974,7547.65049614757,72433.8490662297,7878.97290285387,61036.0974177496,8803.13236193842,141128.563074443,4103.91990392851,74637.2779315529,8160.58990200485,82755.806376406,8652.50201117247,93392.3942895035,7461.87818481421,105759.98692939,5816.79396317175,77736.1456451122,6423.95639365911,61488.0472256101
"3025",639.310200495599,639.306378118908,639.31220005196,1551.102,1550.27,1551.62299999998,15,5,5,5,10864.7316956096,9264.06949625226,9164.3461560996,8272.10054293524,7936.94267979052,4441.70277576961,8177.89881795521,4288.54722098013,19482.8220140868,1951.58677525683,16314.4318885745,3058.30382723516,13206.2932001316,3072.56842620099,28682.233707714,1186.26541970298,15492.9496550005,2324.15761972778,16712.6785764938,3037.76999167963,21354.2020096544,2768.13159822063,21967.9067044576,2305.54910000134,16965.6533578508,1998.45334038635,14391.6954311767
"3097",654.331732190812,654.328156488146,654.333777870957,1550.985,1550.27,1551.62299999998,25,7,9,9,95675.5131177022,86020.4813366037,77363.0047144541,64246.4080048282,78989.6420784365,29966.7732643945,70025.2041328503,15030.1962655654,174851.295119336,11573.6096081564,143656.802431285,13259.6684141819,130421.132697041,9019.8276549222,282681.341544431,6221.3989734496,136476.829037097,17780.9963714167,169477.808203158,11004.4832703953,193470.633085593,11062.6547003171,191181.032091375,10326.9023387046,149843.564181394,9086.35723195797,119329.120884555
"3104",655.33475160241,655.332614016387,655.336796690261,1551.142,1550.27,1551.62299999998,17,7,5,5,33599.9960370974,30789.5167131642,27254.7779785505,23216.398953302,28302.261656079,11401.7877332922,24623.7733950063,10934.2978469531,60023.7347367392,7980.24296789137,51141.3202350768,9383.23209859307,46407.3506866219,9343.0622492187,94903.4340855917,4495.06991499955,46361.5533932838,9138.07336445674,56894.5005721434,7907.55787233822,67101.0666979816,7509.0043955291,68232.7553905947,7341.90770016078,51989.9112154019,7046.44816355507,42116.1814431581
"3107",656.335674827503,656.33388760536,656.337189083998,1550.95600000002,1550.391,1551.65200000002,11,1,5,5,8031.5085366793,7261.51284605191,6759.231041421,6516.36984018385,7773.28422031105,2604.24086991549,6222.88846646324,4911.40214545727,11624.8347732243,2660.45234030858,8911.84735541831,2673.74870434552,10382.2289417373,2916.63006401718,21721.3660986299,1493.73736549169,10868.4938022683,2100.15059146099,11797.9521793394,3766.60885679349,13626.0655065962,3770.3777736317,13403.0260002549,2614.42639006302,11313.7123225585,1991.37696300745,9498.41662576886
"3118",658.302349583884,658.301484991937,658.303699912506,504.56999999998,503.89600000002,505.18200000002,15,7,4,4,10995.7101379281,10316.6073302101,10305.4747105569,10420.5245380162,9227.80042469441,9755.46190299071,10288.2489255703,11822.9091513536,3857.58454597555,11310.7678837556,3014.31558468625,8364.05404370545,4891.59898686918,10583.4608564342,0,10541.5995421009,2812.08822153276,12237.4125069435,6497.72492943032,13761.6842817276,5508.34900652447,10714.5706521301,2385.09805086825,8046.24477824604,4396.69100540757,16138.8082595308,4712.09776552425
"3121",658.636208217582,658.634402156875,658.637824319731,504.495,503.87800000002,504.664,16,7,5,4,11319.3311260493,11623.7331024458,10026.821739126,10143.6891916985,9833.6770660817,10118.1859815445,10062.4116562957,11122.1789951332,3934.71120620963,11424.5358005977,3449.56769630362,8755.72775253954,4480.63682896353,10575.6729259029,136.92947343463,9377.53825662222,3213.41530897079,13733.2271138704,5977.14642094558,13539.5751103842,5741.30732208036,10278.8453743031,2645.32115172902,7655.05624209032,4549.98649188224,16020.0958231879,4863.19275310024
"3124",659.287226855484,659.285173572898,659.288690377515,1551.60499999999,1550.391,1551.62299999998,16,6,5,5,25240.6076576087,19967.0074641005,19137.9576994946,17061.4797715226,22968.0496412942,6899.97076545641,20215.1141472992,14068.2914895068,33268.3230084334,9431.73757936899,28097.6567367284,11248.8715832597,32345.0094214911,11977.5076704543,45244.4060050154,4614.94413395137,21486.834844373,9000.97833394383,34024.0301786921,10141.7637276053,32857.9840712897,11000.6566392836,29547.1750558601,10069.6984011494,28129.1245583041,8388.57254156936,27577.7378122104
"3129",660.289556856881,660.286747500384,660.291682847727,1550.9375,1550.34400000002,1551.62299999998,6,3,2,1,13182.7049498044,11499.377910864,9308.76879251543,9576.87497349137,10344.6559532969,4891.32530139895,10277.5507188376,11806.1854785979,16564.2893649936,7608.19359709322,14145.0025340862,7169.79158873785,17614.7190938921,7782.61078533058,26279.2517851304,5316.50734743307,11771.2206407472,6558.64387756018,17797.2593163504,8425.41026561814,16640.3792912293,9188.78631927073,12434.5162487881,8059.19654172127,17174.5652642399,7967.04546322567,14754.6970924845
"3199",678.325197325552,678.321915964306,678.328722964712,1550.979,1550.27,1551.65200000002,8,0,4,4,7245.64485363527,6633.47430649671,6302.72144355286,6189.53619846769,6766.07719460672,3170.18316002376,6184.72262906419,6944.75578127124,6834.01627607585,4728.32735553722,7087.7163714929,5579.47608296438,8193.76155232841,6909.75392037135,13677.5456100142,3628.74232054912,7288.80293629679,4430.7504318089,9607.75747102951,5781.47910241444,10598.6250841095,4820.82040084004,10324.4456204034,6168.50081768903,10594.9322223999,5240.24266761541,8574.22010633756
"3324",710.971393698271,710.969146460256,710.973629079478,524.11200000002,524.00399999998,524.869,9,3,1,5,6980.64791797977,8888.19552805927,9275.18357636647,8936.28147469906,9794.89542593384,9034.2849301333,9456.80663987203,12206.3459882924,7187.80337844975,9739.11214225065,5086.87005298856,10540.2403192113,6194.99058979005,7683.65599532316,1247.82123660203,9347.70904175968,5070.82529173046,11047.7663927566,11767.170266565,10886.4411552563,7224.68064193718,7993.64899350711,5816.40867029798,8594.98334266618,6397.28279629231,9556.85809979242,8386.91864313219
"3407",736.407567763306,736.40476032508,736.409916315504,1550.97050000001,1549.70399999998,1551.61499999998,16,6,5,5,16399.9025185335,12665.5237480854,12185.0618116804,9257.53319424692,12583.4330738692,2287.21478909968,11715.8527262878,4433.18353714546,14007.3030222126,3591.62539667975,10788.0840172672,3844.77039869564,13941.4687884629,1032.93846792863,13527.1659398752,0,8060.12240368621,4650.16659033857,13249.030718506,3379.31914215738,15445.8728586181,2817.64059472829,9914.2352581488,1764.07049332966,10273.1893589241,1842.95760280887,10166.264833502
"3494",769.991141580108,769.988965496594,769.99344439593,580.22550000001,579.33399999998,581.062,20,7,6,7,8848.5679790611,8846.30432494164,9473.30537224268,8684.50200936872,8833.62500487108,8382.72541068341,8082.28099054457,10186.7999606558,8118.10482457495,9309.05240462012,5278.89334159321,9033.63584357563,8769.90736035917,6190.19885564704,1013.25182882215,8898.48291483238,6275.86114410435,10689.80355259,9945.22228998335,10866.1337860385,6349.71195003157,8581.39292790443,4998.94332878175,7893.95183587592,5524.51705558396,13197.1647083905,9282.92960869796
"3973",1026.92715154649,1026.92476334377,1026.92959003882,516.04099999998,515.35099999998,516.74699999998,21,7,7,7,15240.6844040616,13853.3389510445,14279.2202220574,14296.7978526432,14567.7562172491,14436.4228128602,13689.422761284,15315.4329173583,8898.29564342156,13876.2682336515,4775.8854997272,13664.2125065188,12017.1372785481,14958.4047391927,358.190626988986,15936.6209325156,5331.01380872769,21697.3402603718,17110.7153541679,19717.9687325451,6756.36033724621,13898.7966391968,5004.23959162373,9763.18193954648,6023.34736349154,24092.1499263005,11381.8145981598
"3974",1027.42874633246,1027.42644584291,1027.43156922646,516.04099999998,515.351,516.74699999998,21,7,7,7,15934.8450814216,14947.9045206238,14980.9111409727,14699.3883211096,15121.4212634974,15444.6348448318,14837.9858066295,16319.9602048811,9274.33178451917,13915.9321813791,4588.97597253788,13524.7595733898,12097.7218008386,15448.903565133,597.028130957857,15583.7687589138,5113.55503923592,22464.0104394646,18005.3593309373,19267.3631734981,6975.74294716492,14958.5176341812,5251.14618476693,10246.5985434017,5913.79131427603,25740.6454066616,11597.6077516277
"3975",1027.92951159722,1027.9265079333,1027.93194125886,516.0415,515.351,516.74699999998,18,7,5,6,9878.88010653422,8970.06366158491,9302.00956270383,9405.01599629919,9258.28853182496,9492.14652191255,8574.0941296942,9359.04213800349,6105.39358485366,8261.74937501391,2955.74834446228,8113.36615583047,7772.07574636986,9601.21204343443,307.956020454876,9771.87827474425,2918.20419537411,13962.8430939102,11469.8536418273,12487.772745737,4380.64908862114,9327.91968516398,3416.08689396117,6070.9342580778,4060.14489629323,15481.1776166316,7526.33822349084
"3979",1031.00827701743,1031.00555726219,1031.01115674276,667.28400000002,666.296,668.05300000002,26,7,9,10,26931.0064366792,25783.3159715548,26439.8385220566,24573.2594326081,24191.1295023856,24491.3169704486,23838.1652952555,43127.5097735759,26126.0260229859,28549.7746048945,20039.1272411896,22196.6928668087,19653.7033339928,24680.4848831025,4057.31393320923,22644.6819214474,13499.5831587051,34724.2470939555,22751.2802873459,24800.1118743063,15985.1958191763,24701.0773920643,12257.7499714591,31810.1929886263,21679.3769697975,35819.8691047124,17127.7342222863
"3991",1041.68707805443,1041.68508336744,1041.68863752675,1397.58150000002,1395.97799999998,1398.064,10,3,3,4,11160.8981493328,10181.4447769636,8292.27028301527,6888.15896049916,5602.73781927446,3147.47457052767,4525.94722886699,1260.08279949599,17743.9399633349,5189.43851082056,24298.5520573491,524.405385425314,2200.9354628336,2751.49374086416,50248.9363784629,2199.84025327059,5073.89550413936,4485.17408562079,28221.2458954556,3642.88331255661,27537.4334052046,4992.34273759734,10385.5263356261,3019.3464655687,27996.0007474324,0,1928.14492477906
"4155",1153.48012057285,1153.47607390298,1153.48338196517,580.20400000002,579.33600000002,581.45699999998,25,7,9,9,14426.601892931,14179.3164335242,14312.2390828797,13082.0270193676,13483.5036653861,12894.7924520586,11961.7674587585,15267.6422835145,12287.4666063792,14522.8516415149,8494.67672240786,12663.3025675284,12815.2472131925,9993.87397555224,1332.53780737248,13967.7629751237,9814.35151388469,16181.7988810384,15681.0906041436,16800.1384649098,9937.34254814846,12259.183886638,7434.74286450034,12546.3940356908,8934.40653923337,18991.9350684875,13416.7477543946
"4156",1153.9815872221,1153.97871423298,1153.98440504302,580.21000000001,579.32500000002,581.062,26,7,9,10,17142.1819724427,16114.8434762027,16461.3898757473,15112.2041086282,14767.5000528554,15095.2469784003,15079.7080056407,18027.6804376832,14458.9061019859,16422.0424085509,9970.77133939215,15224.8799878347,14462.4839909435,11499.501161619,1989.97852260619,16036.6506686948,11591.0012046712,18401.0351700198,17810.8423024033,20296.9314854594,11949.2201352539,14690.0963755811,8693.84155731844,14701.4940165616,10677.0812485269,22273.1026657409,16231.0386406628
"4157",1154.48242082584,1154.47908932066,1154.48501745153,580.23500000002,579.33399999998,580.95300000002,21,7,7,7,12218.9414834289,10950.7234485797,11937.8251059631,11007.2928802358,10714.2347127017,10653.0849688189,10326.2376728419,12616.9231010658,9397.40635479131,11524.6834126183,7057.82150145465,10358.2250987742,10434.1160897833,7985.70697718006,1314.10452950047,11129.063959948,7729.73601801205,12183.3950559269,12868.0288240507,13667.3028456245,7553.2522743037,10068.7781339721,5828.60849570367,10220.4257650505,7214.16747619227,15512.3012820211,10749.7337934981
